,Title,Date,Category,Content
0,Jak powiedzieć przepraszam po chińsku,15/06/2020,Język chiński,"
W języku chińskim istnieje wiele sposobów na wyrażenie przeprosin. W zależności od kontekstu, a także tego co chcemy wyrazić, „przepraszam” może brzmieć inaczej. Jak powiedzieć przepraszam po chińsku? Zobacz poniżej!
对不起 – duì bù qǐ 
对不起 oznacza szczere przepraszam. Duì bù qǐ to bardzo silne słowo, dlatego warto dwa razy zastanowić się przed jego użyciem. Najczęściej użyjemy 对不起 kiedy chcemy wyrazić skruchę, podkreślając, że jesteśmy świadomi popełnionego błędu. Co więcej, mówiąc duì bù qǐ możemy sugerować, że oczekujemy wybaczenia za popełniony przez nas błąd, a także wyrażamy chęć zadośćuczynienia.
Jeśli chcemy, aby duì bù qǐ brzmiało jeszcze formalnie, to możemy dodać podmiot i dopełnienie: 
我对不起你 – wǒ duìbùqǐ nǐ – (Ja) przepraszam (Cię)
抱歉 – bào qiàn
W porównaniu do 对不起, 抱歉 nie jest tak mocne. W związku z tym, mówiąc przepraszam po chińsku musimy pamiętać o stopniu w jakim chcemy przeprosić drugą osobę. Jeśli zależy nam na tym, aby druga osoba nam wybaczyła, a także aby natychmiast przeprosić kogoś, to nie używamy 抱歉, ponieważ jest za słabe. Kiedy zatem użyjemy 抱歉? W przypadku kiedy czujemy żal i poczucie winy za to co zrobiliśmy.
Co więcej,  bào qiàn w porównaniu do duì bù qǐ jest bardziej formalne i grzeczne. W związku z tym bào qiàn często użyjemy w pracy lub środowisku akademickim. 对不起 też jest dopuszczalne w pracy, jednakże, będzie dużo mocniejsze.
道歉 (dào qiàn) vs 抱歉 (bào qiàn)
Aby zrozumieć różnice pomiędzy 抱歉 a 道歉, warto zrozumieć znaczenie znaków, z których składają się te słowa.
W przypadku 道歉, 道 (dào) oznacza w języku chińskim mówić; 歉 oznacza przepraszać. W związku z tym 道歉 jest rozumiane jako akt przepraszania, dlatego najczęściej będzie używane jako czasownik. 道歉 oznacza, że osoba przepraszająca przyznaję się i jest świadoma popełnionego błędu.
你应该道歉。- Nǐ yīnggāi dàoqiàn. – Powinieneś przeprosić.
你应该向她道歉。- Nǐ yīnggāi xiàng tā dàoqiàn. – Powinieneś ją przeprosić. 
Natomiast 抱 oznacza trzymać, a 抱歉 oznacza przepraszać, które jest mocno związane z poczuciem winy. Bào qiàn jest najczęściej używane jako przymiotnik lub rzeczownik.
抱歉，打乱了你的计划。- Bàoqiàn, dǎ luànle nǐ de jìhuà. – Przepraszamy, że pokrzyżowałem twoje plany.
不好意思 – bù hǎoyìsi
Bù hǎoyìsi dosłownie oznacza „czuć się zażenowanym/zakłopotanym/nieśmiałym”. 不好意思 jest jeszcze lżejsze niż 抱歉. W przypadku, gdy chcemy przeprosić za coś mało istotnego lub za coś, za co nie szczególnie czujemy się winni, to 不好意思 będzie idealne. Możemy swobodnie używać 不好意思 za małe przewinienia, np. spóźnienie. Jeśli macie dylemat jak powiedzieć przepraszam po chińsku, to warto mieć w głowie 不好意思, które na pewno zawsze zostanie dobrze odebrane.
"
1,Chińska czytanka: W chińskiej restauracji,11/06/2020,Język chiński,"
W serii chińska czytanka będziemy udostępniać historyjki w języku chińskim. Mamy nadzieję, że pomogą Wam w utrwaleniu języka chińskiego, a także poznaniu nowego słownictwa. Jeśli w tekście występuje słownictwo, którego nie znacie, to zalecamy użycie jednej z wtyczek, o której pisaliśmy tutaj. Wtyczki pomogą wam w przetłumaczeniu nowych słówek.
Dzisiaj przedstawiamy dialog pomiędzy 小李, 服务员 (kelner) i Kate. W krótkiej historyjce dowiecie się jak zachować się w restauracji, zapytać o polecane dania, złożyć zamówienie, a także zapłacić. 
Przydatne słownictwo
菜单 – càidān – menu
需要 – xūyào – potrzebować
推荐 – tuījiàn – polecać
平时 – píngshí – zazwyczaj
点菜 – diǎn cài – zamawiać jedzenie
微信支付 – Wēixìn zhīfù – płatność za pomocą Wechata
海鲜 – hǎixiān – owoce morza
宫保鸡丁 – gōng bǎo jī dīng – kurczak Kung Pao
鱼香茄子 – yú xiāng qiézi – bakłażany o rybnym aromacie
糖醋里脊 – táng cù lǐjí – żeberka słodko-kwaśne
回锅肉 – huíguōròu – podwójnie gotowana wieprzowina
W chińskiej restauracji
服务员：您好，欢迎光临！请问你们几位？
小李：你好，我们两位。
Kate：您好。
服务员：好的，这边请。
【坐着】
Kate：我们可以看一下菜单吗？
服务员：这是菜单，需要我为你们推荐什么菜吗？
小李：目前不需要，谢谢！
服务员：好的，您慢慢看，我一会再过来。
【服务员离开】
小李：你平时喜欢什么样的菜呢？
Kate：除了海鲜以及比较辣的蔡，我什么都喜欢。
小李：那我来给你推荐吧！这家川菜馆特别好吃，我每次来一定会点宫保鸡丁和鱼香茄子！
Kate：我吃过宫保鸡丁！这道菜特别好吃！但是我还是需要请他们把它做成微辣，因为我还没习惯四川的辣度。
小李：好的，我帮你说一下。
Kate: （问小李）你最喜欢吃的中国菜是什么？
小李：我特别喜欢一道菜，但是我忘了它的名字了。不好意思，服务员！
服务员：您好，可以点菜了吗？
小李：还没有，我想问你一道菜，但是我忘记名字了。它是炸过的一块一块的肉，看起来红红的，吃起来味道酸酸甜甜的。请问那是什么呢？
服务员：您说的是不是糖醋里脊？
小李：对对对，就是糖醋里脊！麻烦帮我们来一份。
Kate：我们还要点一份宫保鸡丁。
服务员：好的，没问题。
Kate：我还要问一下，您可不可以给我们推荐一道比较传统的四川菜？我想要尝一尝新的东西。
服务员：请问，您可以吃猪肉吗？
Kate：可以，没问题。
服务员：那我觉得您们应该尝一尝本店的回锅肉吧，是我们店的特色菜。
小李：听起来很不错，来一份吧！
服务员：还有您之前三份都是肉菜，要不再点一个素菜吧。鱼香茄子也是我们店的特色菜。是用最新鲜的茄子抄的。
小李：这么多菜应该够了，就先点这些菜吧，当然还要两碗米饭。
服务员：好的，请问有什么忌口吗？
小李：全部的菜都要微辣，还请不要加葱。谢谢！
服务员：好的，没问题。需要什么喝的吗？
Kate：一瓶可乐。
小李：对Kate说：我推荐你试一试豆奶，它可以解辣和解腻，很适合搭配川菜。
Kate：说实话，我喝过豆奶，但是我觉得不好喝。我觉得我要点一瓶可乐。
小李：好吧，那就一瓶可乐和一瓶小的豆奶。
服务员：好的，一份宫保鸡丁、一份糖醋里脊、一份回锅肉、一份鱼香茄子，两碗米饭，一瓶可乐和一瓶豆奶，对吗？
小李&Kate：对的。
服务员：好的，请你们稍等。
【10分钟后，服务员上菜】
服务员：您的菜都上齐了，请你们慢用。
【服务员离开】
小李：你尝尝这道回锅肉吧！
Kate：mmmm….很好吃！
小李：嗯，没错！这个鱼香茄子也好吃，非常下饭！
Kate：鱼香茄子是你最喜欢吃的中国菜吗?
小李：可能是吧，虽然所有的中国菜都好吃，但是我每次一定会吃鱼香茄子。
【20分钟后，吃光了】
Kate：虽然我们今天点的所有的菜都不错，但是对我来说宫保鸡丁会永远排在第一名！这道菜太好吃了！你觉得呢？
小李： 嗯，你说的没错，但是我还是不能放弃我的最爱。对我来说，第一名还是鱼香茄子。
小李&Kate：哈哈哈。
Kate： 那我们买单吧。
小李：服务员！我们要结账。
【服务员来】
Kate： 请问一共多少钱？
服务员：您好，今天一共消费了108块钱。请问您怎么支付呢？
Kate： 微信支付！
小李： 我们小李小李制吧，我一会儿发红包给你。
Kate： 嗯，好的，谢谢。
服务员：两位慢走。欢迎您再来！
【餐厅门口】
小李： 你觉得这家餐厅怎么样?
Kate： 我觉得这家餐厅真不错啊！你呢？
小李: 我也觉得很好，环境很安静、菜的味道很棒、服务员的态度也特别好、价格也不贵。我们下次再一起过来吧！Kate: 你说得对。我们肯定要再一起来！
"
2,Vlogi do nauki języka chińskiego na YouTube,06/06/2020,"Język chiński, Kultura","
Oglądanie vlogów po chińsku to doskonały sposób, aby udoskonalić umiejętności językowe, a także zagłębić się w chińską kulturę. W ostatnich latach moda na vlogowanie zagościła również w Azji, w związku z czym, pojawiło się wielu twórców, dzięki którym łatwo znaleźć vlogi do nauki języka chińskiego.
Spośród znanych nam kanałów postanowiliśmy wybrać kilka, która naszym zdaniem doskonale nadają się do nauki chińskiego.
Vlogi do nauki chińskiego
TheKellyYang – Lifestyle
Kelly to młoda Tajwańska vlogerka, która na co dzień mieszka w Stanach Zjednoczonych. Jej kanał można podpiąć pod kategorię „lifestyle”, która zapewne bardziej przypadnie do gustu żeńskiej widowni. W związku z tym, że Kelly pochodzi z Tajwanu, trudno nie zauważyć jej akcentu. Twórczość Kelly zawiera sporo Tajwańskich akcentów, a także tradycyjne znaki, które niektórych z Was mogą odstraszyć. Niewątpliwym plusem vlogów Kelly jest ich różnorodna tematyka, a także mandaryński, który pomimo tajwańskiego akcentu, jest stosunkowo łatwo zrozumiały.




Jasmine Lipska – Lifestyle
Tak jak nazwisko wskazuje, Jasmine ma Polskie korzenie. Córka Polaka i Syczuanki, która wychowała się w Australii podobnie do Kelly kręci vlogi o swoim życiu. Jasmine nagrywa większość vlogów po angielsku, jednakże na jej kanale nie brakuje chińskich treści. Chińskie vlogi Jasmine są idealna dla osób, które dopiero zaczynają swoją przygodę z chińskim. Vlogerka zamieszcza chińskie i angielski napisy, a jej mandaryński jest bardzo czysty i przyjemny do ucha. Vlogi Jasmine znajdziecie na jej kanale.




思维改变命运 – Wang Po – Psychologia
Kolejny vlog, tym razem bardziej tematyczny, skupia się na zagadnieniach z psychologii. Autorka w swoich filmikach często umieszcza recenzję książek, a także komentuje popularne wydarzenia na świecie z perspektywy psychologii. Wbrew pozorom zagadnienia z psychologii nie są tak trudne językowo jakby się mogły wydawać. Vlogerka w ciekawy sposób przedstawia swoje opinie, które prezentuję używając bardzo ładnego mandaryńskiego. Kanał polecamy bardziej zaawansowanym użytkownikom języka chińskiego.




金牌职业规划师彦菲 – Yanfei – Doradca zawodowy / biznes
Twórczość Yanfei, jak sama mówi, skupia się na doradztwu zawodowym.  Jednakże, wiele z jej filmików zawiera prezentację konceptów, które można bardzo ogólnie podpiąć pod szeroko rozumiany biznes. Bardzo przyjemnie słucha się Yanfei, które vlogi polecamy szczególnie osobom, które chcą się osłuchać z językiem chińskim biznesowym. Dodatkowo, można się wiele nauczyć o kulturze pracy w Stanach Zjednoczonych i Chinach. 




Dianxi Xiaoge – Gotowanie
W ciągu trzech lat młoda kobieta z małej wioski w Chinach stała się sensacją internetową, z ponad 11 milionami obserwujących na całym świecie. Filmik, dzięki któremu stała się sławna, przedstawia sposób przygotowania hamburgerów dla swoich dziadków na wsi. Dianxi gotuje za pomocą podstawowych narzędzi, w tym tasaka i dużego pieca opalanego drewnem. Pięknie zmontowane, dopełnione nastrojową muzyką vlogi są idealne dla osób, które fascynują się chińska kulturą, a przede wszystkim kuchnią. Z perspektywy językowej, na wielu filmach Dianxi nic niestety nie mówi, aczkolwiek ciężko było nie zwrócić uwagi na jej twórczość w tym rankingu. 




Wymienione przez nas vlogi do nauki języka chińskiego, to kilka propozycji, które nam przypadły do gustu. Na YouTube znajdziecie wielu innych twórców, którzy skupiają się na różnorodnych tematach, a także vlogują po chińsku. Znacie jakieś chińskie vlogi, które moglibyście polecić innym?
"
3,Dzień Dziecka w Chinach,01/06/2020,Kultura,"
Dzień dziecka podobnie jak w wielu krajach na całym świecie jest w Chinach obchodzony 1 czerwca. Ten specjalny dzień jest bardzo ważną datą w chińskim kalendarzu, która zapisała się w nim wraz z nadejściem „Nowych Chin”. 
Dzień dziecka w Chinach – historia
Pierwszy raz dzień dziecka w Chinach obchodzono 1 czerwca 1950 r. 
Po założeniu „Nowych Chin” partia i rząd przywiązywały dużą wagę do zdrowego rozwoju dzieci. Pomimo braku warunków materialnych i trudności we wczesnych dniach wyzwolenia, nadal podkreślano istotę rozwoju tych najmłodszych.
W listopadzie 1949 r. Światowa Federacja Kobiet Demokratycznych zdecydowała, że ​​1 czerwca będzie obchodzony dzień dziecka. W związku z tym Nowo utworzony Centralny Rząd Ludowy Chińskiej Republiki Ludowej postanowił przyłączyć się do tego wydarzenia. 
Centralny Komitet Partii przywiązywał wielką wagę do pierwszego Dnia Dziecka w Chinach. W odpowiedzi na apel o „ochronę praw dziecka i dążenie do pokoju” wydany przez Federację Kobiet Demokratycznych i inne organizacje, Chiny rozpoczęły przygotowania. Aby przygotować się do obchodów Dnia Dziecka,  organizacje ludowe i odpowiednie departamenty Centralnego Rządu Ludowego powołały komitet przygotowawczy. 
Pierwsze obchody
W związku z tym wydarzeniem powstały specjalne hasła, którymi Mao Zedonga nawoływał do świętowania: „Świętuj Dzień Dziecka” (”庆祝儿童节“). Wódz naczelny Zhu również przyłączył się wygłaszając motywujące hasła. Najsłynniejsze z nich to: „Dzieci w Nowych Chinach muszą kochać ojczyznę, naukę, pracę i być gotowe do budowy nowych Chin.”. Oryginał w wersji chińskiej: “新中国的儿童，要爱祖国、爱科学、爱劳动，准备好好的建设新中国。”. Liu Shaoqi, Zhou Enlai, Song Qingling, Deng Yingchao i inni przywódcy partii również przyłączali się do życzeń.
Tego dnia w hali koncertowej Zhongshan Park w Pekinie zebrało się 5000 chińskich dzieci. Zaproszono także dzieci i matki ze Związku Radzieckiego, Korei Północnej i innych krajów.

Wódz naczelny Zhu przykładał wielką wagę do rozwoju dzieci. Jedna z jego wypowiedzi głosiła: „Jesteś wciąż młody, ale musisz się uczyć, przyswoić wiedzę z różnych dziedzin naukowych, a także ćwiczyć ciało, aby być silnym i gotowym uczestniczyć w budowie Nowych Chin. Pracuj nad przekształceniem biednych i zacofanych Chin w wysoce kulturowe państwo posiadające silne podstawy przemysłowe. ”.  
Przy okazji pierwszych obchodów dnia dziecka cały kraj świętował organizując imprezy dla najmłodszych. Od tego czasu, 1 czerwca, w całym kraju organizowane są różne wydarzenia z okazji świąt dziecięcych, do których do dzisiaj przykłada się dużą wagę.
Źródło: 1, 2, 3, 4.
"
4,Dzień Matki w Chinach,26/05/2020,Kultura,"
Dzień Matki podobnie jak w wielu krajach obchodzi się również w Chinach. Dzień Matki przypada na co drugą niedzielę maja. W tym roku Dzień Matki w Chinach obchodzono 10 maja.
Dzień Matki nie od zawsze był częścią kultury Chin. Stał się powszechny w Chinach dopiero po tym, jak zyskał popularność w Hong Kongu, Makao i Tajwanie.
Dzień Matki w Chinach – historia
W latach 80. Dzień Matki zaczął być stopniowo praktykowany przez mieszkańców Chin kontynentalnych. Od 1988 r. niektóre miasta w południowych Chinach, takie jak Kanton, zaczęły organizować obchody Dnia Matki, czemu towarzyszyły różne atrakcje i aktywności, jak np. wybór “dobrej matki” (好母亲).
Pod koniec XX wieku, Dzień Matki zagościł w Chinach kontynentalnych na dobre. Coraz więcej osób zaczęło okazywać wdzięczność matkom celebrując Dzień Matki.
Jak Chińczycy obchodzą Dzień Matki?
Oczywiście chiński Dzień Matki jest bardziej chiński. Chińczycy wyrażają swoje silne przywiązanie na swój unikalny sposób. W Dzień Matki ludzie podarują matce kwiaty, ciasta, domowe posiłki i inne prezenty. 
W przypadku kwiatów, pierwszorzędnym wyborem są niezapominajki, które także nazywane są kwiatami matki.
Chińskie dzieci, aby okazać szacunek rodzicom, gotują dla swoich matek, pomagają matkom myć twarz, a nawet nakładać makijaż. Dodatkowo, przygotowują występy muzyczne, a także rysują obrazy, aby uszczęśliwić swoje matki. 
Oprócz uhonorowania swoich matek w tym dniu, ludzie pomagają także organizacjom charytatywnym organizując zbiórki mające na celu wesprzeć potrzebujących.
Ponadto, w Dzień Matki chińskie matki organizują konkursy kulinarne, pokazy mody i inne atrakcje. W zależności od prowincji, organizowane są inne atrakcje, np. wycieczki matek i konkurs na najlepszą matkę. 
Dzień Matki promujący macierzyńską miłość stał się świętem narodowym i obowiązkowym dniem w kalendarzu każdego Chińczyka. 
母亲节快乐！Mǔqīn jié kuàilè! Szczęśliwego dnia Matki!
"
5,Zwyczaj krępowania stóp w Chinach,24/05/2020,Kultura,"
Starożytni Chińczycy mieli zwyczaje i ideały, które wciąż pozostają trudne do zrozumienia. Jednym z nich była gloryfikacja małych kobiecych stóp. W związku z tym, aby zaspokoić pragnienia mężczyzn, kobiety przechodziły trudny do wyobrażenia ból krępując stopy, aby były jak najmniejsze.
Krępowanie stóp
缠足 (chánzú), czyli krępowanie stóp było popularne tylko u starożytnych Chińczyków Han. Dlaczego starożytni Chińczycy tak bardzo kochali małe stopy? 
Jedyne logiczne wytłumaczenie może odnosić się do ideału piękna charakterystycznego dla każdej epoki, ponieważ poza tym trudno jest doszukać się innych istotnych powodów.

Czy skrępowane stopy są rzeczywiście takie ładne? Według starożytnych Chińczyków tak. Kobiety za pomocą tkanin krępowały stopy, tak aby z biegiem czasu wykrzywiały się w charakterystyczny sposób, dzięki czemu stawały się maleńkie.
Skrępowane stopy uniemożliwiały swobodne chodzenie, dlatego kobiety zakładały specjalne małe haftowane buty (绣花鞋 – xiùhuāxié). Maleńkie stopy w połączeniu z haftowanymi butami idealnie wpisywały się w chiński ideał piękna.

Nadejście dynastii Qing (1644-1911) zmieniło nieco postrzeganie krępowania stóp. Ludność Han nadal kontynuowała zwyczaj, jednakże Mandżurowie już nie. Niemniej jednak, w późniejszych okresie rytuał został również kultywowany przez niektóre mandżurskie kobiety.
Po upadku dynastii Qing, pod wpływem zachodniej kultury, kobiety sprzeciwiły się rytuałowi krępowania stóp i stopniowo zaprzestały jego kultywowania. Mężczyźni również podzieli zdanie kobiet i zaczęli krzywo patrzeć na skrępowane kobiece stopy.
Ideał piękna w dzisiejszych czasach
Obecnie kobiety nie są ograniczane przez feudalne społeczeństwo i mogą same decydować co zrobić ze swoim ciałem. W dzisiejszych czasach wykształcił się nowy chiński ideał piękna stóp, który przybrał nazwę nefrytowych/jadeitowych stóp (玉脚 yù jiǎo). Szczupłe, białe jak śnieg stopy stały się ideałem piękna, który utrzymuje się po dzień dzisiejszy.
Wielu Chińczyków uważa, że stopy są drugą twarzą kobiety (脚是女人的第二张脸). Jak widać tradycja ewoluowała z czasem, jednakże uwielbienie stóp w kulturze Chin pozostało niezmiennie ważne do dziś.
Źródło: 1, 2, 3
"
6,Nowy format HSK!,20/05/2020,Język chiński,"
Jak podaje 元任对外汉语  nowy format egzaminu HSK został już zaakceptowany. Jedną z głównych zmian jest podzielenie egzaminu na 9 poziomów, a także wprowadzenie zadania tłumaczeniowego.
Już w 2015 r. w siedzibie Instytutu Konfucjusza rozpoczęto opracowywanie nowych standardów HSK przy wsparciu kilkudziesięciu chińskich i zagranicznych ekspertów i naukowców oraz Chińskiej Komisji Języka Narodowego. Po pięciu latach ciężkiej pracy narodził się nowy format egzaminu HSK, który powinniśmy ujrzeć już wkrótce.
Co znajdziemy w nowym formacie HSK?
W porównaniu z poprzednim formatem nastąpiły trzy główne zmiany: 
Nowy format ma na celu określenie czterowymiarowego systemu indeksu kwantyfikacji języka: sylab, chińskich znaków, słownictwa i gramatyki, w celu dokładnego zweryfikowania poziomu języka chińskiego ucznia.Podzielenie egzaminu na trzy kategorie: początkujący, średnio zaawansowany i zaawansowany. Dodatkowo, kategorie podzielono na 9 poziomów (po 3 na każdą kategorie), czyli o 3 więcej w porównaniu do poprzedniego formatu.Trzecia zmiana polega na wykorzystaniu powszechnie akceptowanych teorii uczenia się języków, w szczególności komunikatywnych modeli umiejętności językowych Bachmana. Dla każdego poziomu, użyty zostanie wskaźnik kwantyfikacji języka, umiejętności komunikacji werbalnej i rozumienia treści zadania tematycznego. Dodatkowo, egzamin będzie miał na celu zweryfikować pięć wymiarów umiejętności językowych, na które składają się słuchanie, mówienie, czytanie, pisanie i tłumaczenie. Nowa ścieżka „3 + 5”, ma odzwierciedlać biegłą znajomość języka chińskiego w sposób kompleksowy i trójwymiarowy.
Niewątpliwie jest to ciekawy pomysł. Dotychczas co do formatu HSK można było mieć sporo zastrzeżeń. Jego obecna forma, szczególnie w przypadku wyższych poziomów, jest słabym odzwierciedleniem wiedzy językowej. Być może podzielenie go na 9 poziomów pozwoli w lepszy sposób zweryfikować poziom językowy ucznia. 
Jeśli informacje się potwierdzą, to czeka nas nowa część tłumaczeniowa. Tutaj pojawia się pytanie, czy twórcy przewidzieli lokalizację tej części, a jeśli tak, to jak będzie przebiegał proces sprawdzania.
Póki co nie jest to oficjalna informacja, a więc przyjdzie nam poczekać jeszcze kilka tygodni na potwierdzenie tych doniesień. Niemniej jednak, nowy format zapowiada się ciekawie.
"
7,Wtyczki do nauki chińskiego,18/05/2020,Język chiński,"
Zhongwen – wtyczka do nauki chińskiego
Jedna z najpopularniejszych wtyczek do nauki języka chińskiego, która zebrała ponad 70,000 użytkowników. Bardzo prosta i szybka w użyciu, a co więcej bez żadnych reklam. 
Zhongwen jest narzędziem, dzięki któremu możemy tłumaczyć chińskie znaki. Wystarczy najechać na znak myszką, a tłumaczenie wyświetli się samo. 

Dodatkowo, w przypadku niektórych słów po naciśnięciu “g” na klawiaturze zostaniemy przeniesieni do strony wyjaśniającej gramatykę danego znaku.

Poza gramatyką i tłumaczeniem, możemy również sprawdzić tony, które oznaczone są różnymi kolorami, a także klasyfikatory w przypadku rzeczowników.
Wtyczkę do Chrome można pobrać tutaj. 
New Tong Wen Tang – konwerter znaków
Bardzo przydatna wtyczka, która umożliwia nam konwertowanie znaków z uproszczonych do tradycyjnych i na odwrót. 

Po otwarciu opcji wtyczki możemy spersonalizować ustawienia pod nasze potrzeby.
Dodatkowo, wtyczka umożliwia nam manipulowanie ustawieniami w kontekstowym menu. Możemy konwertować znaki z tradycyjnych na uproszczone i na odwrót, a także konwertować znaki zapisane w schowku.

Wtyczka w wersji dla Chrome dostępna jest tutaj.
"
8,Chiński YouTube – przegląd aplikacji,12/05/2020,"Kultura, Technologia","
Ciężko w Chinach znaleźć aplikację, którą można by nazwać chińskim YouTubem. Chiński YouTube niestety jeszcze nie powstał, jednakże, istnieje kilka aplikacji, które można do niego porównać.
Chińskie aplikację można porównać do YouTube na wielu płaszczyznach. Zaczynając od ich charakteru, odbiorców, twórców, a kończąc na aspektach finansowych. Poniżej zamieszczam listę aplikacji, które moim zdaniem najbardziej wypełniają rolę chińskiego odpowiednika YouTube w Chinach.
Chiński YouTube
Youku
Youku to usługa hostingu wideo z siedzibą w Pekinie w Chinach, która działa w ramach grupy Alibaba. Platforma Youku od wielu lat istnieje na rynku i wyznacza trendy w chińskiej popkulturze. 
Na Youku dawniej można było znaleźć amatorskie filmy tworzone na wzór treści umieszczanych na YouTube, które często były również z niego kopiowane. W tamtym czasie Youku funkcjonowało na wzór chińskiego YouTube’a, jednakże od paru lat Youku zmieniło swój profil. 

Obecnie Youku można bardziej porównać do Netflixa, czy też polskiego Playera. Youku wypełnione jest serialami, filmami, dokumentami, bajkami, a także programami rozrywkowymi. Dostęp do większości treści jest możliwy jedynie po zakupie konta VIP, które działa podobnie do subskrypcji na Netflixie. 
Istnieje jeszcze kilka innych podobnych do Youku platform, jak np. iQIYI, które wydaje się być największym rywalem Youku. Struktury obu platform są bardzo podobne, a ich rywalizację można by porównać do starcia pomiędzy Netflix i HBO.
Douyin – TikTok

Mówiąc o chińskim YouTube ciężko nie wspomnieć o Douyin, znanym poza Chinami jako TikTok.
Douyin, to aplikacja mobilna, która służy do tworzenia i udostępniania krótkich treści video, które zazwyczaj nie przekraczają 15 sekund.
W zeszłym roku Douyin w Chinach chwalił się ponad 250 milionami aktywnych użytkowników dziennie, obecnie liczba ta wzrosła do 400 milionów. Ogromna popularność Douyina dotarła poza granice Chin, gdzie pod nazwą TikTok buduje coraz silniejszą markę przyciągając takie gwiazdy jak np. Robert Lewandowski.
Biorąc pod uwagę popularność oraz aspekty finansowe, gwiazdy Douyina można nazwać chińskimi youtuberami. Podobnie do youtuberów, ich główny przychód oparty jest na reklamach i sponsorach. 
Gwiazdy Douyina mogą liczyć na sponsorów jeśli ich oglądalność utrzyma się na liczbie co najmniej 10 milionów odsłon, co można porównać do polskiego odpowiednika 10,000 wyświetleń na YouTube.
Live Streaming – aplikacje
Na koniec warto umieścić na liście aplikację służące do tworzenia relacji na żywo. Pomimo, że tylko częściowo można by je sklasyfikować pod etykietą “chiński YouTube”, to ciężko przejść obojętnie obok ich popularności.
Najbardziej znane aplikacje do tworzenia relacji na żywo, to m.in. YY, Momo, Huajiao i Inke. To właśnie o YY powstał bardzo ciekawy film dokumentalny – Ludowa Republika Pożądania.

Live Streaming w Chinach wszedł na poziom, którego YouTube może póki co jedynie pozazdrościć. Tego typu aplikacji zyskały popularność i uznanie w Chinach już wiele lat temu.
Ich struktura jest bardzo prosta i działa podobnie do obecnego YouTube’a. Streamerzy przyciągają fanów, którzy chcąc zwrócić uwagę swojego idola, wysyłają mu prezenty, którymi są pieniądze. 
Za streamerami stoją potężne agencję, które wyłapują talenty i w zamian za prowizję, szkolą swoich podopiecznych i wskazują im drogę. 
Co roku odbywa się wielki pojedynek streamerów, który podzielony jest na kategorie, a wygrywa ten, kto zdobędzie najwięcej głosów – pieniędzy. Fani identyfikują się z idolami do tego stopnia, że często wydają całe swoje oszczędności, aby tylko zobaczyć swoje gwiazdy na pierwszym stopniu podium.
Dlaczego nie istnieje Chiński YouTube?
To pytanie, na które nie ma jednoznacznej odpowiedzi. Jedni doszukują się problemów ze skupieniem uwagi Chińczyków na dłuższych treściach, a inni szukają winy wśród wielkich wytwórni, które szybko przechwytują talenty i tworzą swoje autorskie programy.
Jednakże, popularność Douyina i aplikacji live streamingowych niejako odpowiada na to pytanie. Douyin zapewnia krótką, szybką, zmienną, dynamiczną i niekończąca się rozrywkę, która nie wymaga wysiłku intelektualnego, czy też wielkiej uwagi. 
Natomiast aplikacje live streamingowe pozwalają użytkownikom w łatwy sposób nawiązać uczuciową relację z ich idolem, która ze względu na ich problemy społeczne, często wypełnia zakładkę relacji w ich życiu, co doskonale zilustrował wyżej wymieniony dokument.
"
9,Jak powiedzieć przepraszam po chińsku,15/06/2020,Język chiński,"
W języku chińskim istnieje wiele sposobów na wyrażenie przeprosin. W zależności od kontekstu, a także tego co chcemy wyrazić, „przepraszam” może brzmieć inaczej. Jak powiedzieć przepraszam po chińsku? Zobacz poniżej!
对不起 – duì bù qǐ 
对不起 oznacza szczere przepraszam. Duì bù qǐ to bardzo silne słowo, dlatego warto dwa razy zastanowić się przed jego użyciem. Najczęściej użyjemy 对不起 kiedy chcemy wyrazić skruchę, podkreślając, że jesteśmy świadomi popełnionego błędu. Co więcej, mówiąc duì bù qǐ możemy sugerować, że oczekujemy wybaczenia za popełniony przez nas błąd, a także wyrażamy chęć zadośćuczynienia.
Jeśli chcemy, aby duì bù qǐ brzmiało jeszcze formalnie, to możemy dodać podmiot i dopełnienie: 
我对不起你 – wǒ duìbùqǐ nǐ – (Ja) przepraszam (Cię)
抱歉 – bào qiàn
W porównaniu do 对不起, 抱歉 nie jest tak mocne. W związku z tym, mówiąc przepraszam po chińsku musimy pamiętać o stopniu w jakim chcemy przeprosić drugą osobę. Jeśli zależy nam na tym, aby druga osoba nam wybaczyła, a także aby natychmiast przeprosić kogoś, to nie używamy 抱歉, ponieważ jest za słabe. Kiedy zatem użyjemy 抱歉? W przypadku kiedy czujemy żal i poczucie winy za to co zrobiliśmy.
Co więcej,  bào qiàn w porównaniu do duì bù qǐ jest bardziej formalne i grzeczne. W związku z tym bào qiàn często użyjemy w pracy lub środowisku akademickim. 对不起 też jest dopuszczalne w pracy, jednakże, będzie dużo mocniejsze.
道歉 (dào qiàn) vs 抱歉 (bào qiàn)
Aby zrozumieć różnice pomiędzy 抱歉 a 道歉, warto zrozumieć znaczenie znaków, z których składają się te słowa.
W przypadku 道歉, 道 (dào) oznacza w języku chińskim mówić; 歉 oznacza przepraszać. W związku z tym 道歉 jest rozumiane jako akt przepraszania, dlatego najczęściej będzie używane jako czasownik. 道歉 oznacza, że osoba przepraszająca przyznaję się i jest świadoma popełnionego błędu.
你应该道歉。- Nǐ yīnggāi dàoqiàn. – Powinieneś przeprosić.
你应该向她道歉。- Nǐ yīnggāi xiàng tā dàoqiàn. – Powinieneś ją przeprosić. 
Natomiast 抱 oznacza trzymać, a 抱歉 oznacza przepraszać, które jest mocno związane z poczuciem winy. Bào qiàn jest najczęściej używane jako przymiotnik lub rzeczownik.
抱歉，打乱了你的计划。- Bàoqiàn, dǎ luànle nǐ de jìhuà. – Przepraszamy, że pokrzyżowałem twoje plany.
不好意思 – bù hǎoyìsi
Bù hǎoyìsi dosłownie oznacza „czuć się zażenowanym/zakłopotanym/nieśmiałym”. 不好意思 jest jeszcze lżejsze niż 抱歉. W przypadku, gdy chcemy przeprosić za coś mało istotnego lub za coś, za co nie szczególnie czujemy się winni, to 不好意思 będzie idealne. Możemy swobodnie używać 不好意思 za małe przewinienia, np. spóźnienie. Jeśli macie dylemat jak powiedzieć przepraszam po chińsku, to warto mieć w głowie 不好意思, które na pewno zawsze zostanie dobrze odebrane.
"
10,Chińska czytanka: W chińskiej restauracji,11/06/2020,Język chiński,"
W serii chińska czytanka będziemy udostępniać historyjki w języku chińskim. Mamy nadzieję, że pomogą Wam w utrwaleniu języka chińskiego, a także poznaniu nowego słownictwa. Jeśli w tekście występuje słownictwo, którego nie znacie, to zalecamy użycie jednej z wtyczek, o której pisaliśmy tutaj. Wtyczki pomogą wam w przetłumaczeniu nowych słówek.
Dzisiaj przedstawiamy dialog pomiędzy 小李, 服务员 (kelner) i Kate. W krótkiej historyjce dowiecie się jak zachować się w restauracji, zapytać o polecane dania, złożyć zamówienie, a także zapłacić. 
Przydatne słownictwo
菜单 – càidān – menu
需要 – xūyào – potrzebować
推荐 – tuījiàn – polecać
平时 – píngshí – zazwyczaj
点菜 – diǎn cài – zamawiać jedzenie
微信支付 – Wēixìn zhīfù – płatność za pomocą Wechata
海鲜 – hǎixiān – owoce morza
宫保鸡丁 – gōng bǎo jī dīng – kurczak Kung Pao
鱼香茄子 – yú xiāng qiézi – bakłażany o rybnym aromacie
糖醋里脊 – táng cù lǐjí – żeberka słodko-kwaśne
回锅肉 – huíguōròu – podwójnie gotowana wieprzowina
W chińskiej restauracji
服务员：您好，欢迎光临！请问你们几位？
小李：你好，我们两位。
Kate：您好。
服务员：好的，这边请。
【坐着】
Kate：我们可以看一下菜单吗？
服务员：这是菜单，需要我为你们推荐什么菜吗？
小李：目前不需要，谢谢！
服务员：好的，您慢慢看，我一会再过来。
【服务员离开】
小李：你平时喜欢什么样的菜呢？
Kate：除了海鲜以及比较辣的蔡，我什么都喜欢。
小李：那我来给你推荐吧！这家川菜馆特别好吃，我每次来一定会点宫保鸡丁和鱼香茄子！
Kate：我吃过宫保鸡丁！这道菜特别好吃！但是我还是需要请他们把它做成微辣，因为我还没习惯四川的辣度。
小李：好的，我帮你说一下。
Kate: （问小李）你最喜欢吃的中国菜是什么？
小李：我特别喜欢一道菜，但是我忘了它的名字了。不好意思，服务员！
服务员：您好，可以点菜了吗？
小李：还没有，我想问你一道菜，但是我忘记名字了。它是炸过的一块一块的肉，看起来红红的，吃起来味道酸酸甜甜的。请问那是什么呢？
服务员：您说的是不是糖醋里脊？
小李：对对对，就是糖醋里脊！麻烦帮我们来一份。
Kate：我们还要点一份宫保鸡丁。
服务员：好的，没问题。
Kate：我还要问一下，您可不可以给我们推荐一道比较传统的四川菜？我想要尝一尝新的东西。
服务员：请问，您可以吃猪肉吗？
Kate：可以，没问题。
服务员：那我觉得您们应该尝一尝本店的回锅肉吧，是我们店的特色菜。
小李：听起来很不错，来一份吧！
服务员：还有您之前三份都是肉菜，要不再点一个素菜吧。鱼香茄子也是我们店的特色菜。是用最新鲜的茄子抄的。
小李：这么多菜应该够了，就先点这些菜吧，当然还要两碗米饭。
服务员：好的，请问有什么忌口吗？
小李：全部的菜都要微辣，还请不要加葱。谢谢！
服务员：好的，没问题。需要什么喝的吗？
Kate：一瓶可乐。
小李：对Kate说：我推荐你试一试豆奶，它可以解辣和解腻，很适合搭配川菜。
Kate：说实话，我喝过豆奶，但是我觉得不好喝。我觉得我要点一瓶可乐。
小李：好吧，那就一瓶可乐和一瓶小的豆奶。
服务员：好的，一份宫保鸡丁、一份糖醋里脊、一份回锅肉、一份鱼香茄子，两碗米饭，一瓶可乐和一瓶豆奶，对吗？
小李&Kate：对的。
服务员：好的，请你们稍等。
【10分钟后，服务员上菜】
服务员：您的菜都上齐了，请你们慢用。
【服务员离开】
小李：你尝尝这道回锅肉吧！
Kate：mmmm….很好吃！
小李：嗯，没错！这个鱼香茄子也好吃，非常下饭！
Kate：鱼香茄子是你最喜欢吃的中国菜吗?
小李：可能是吧，虽然所有的中国菜都好吃，但是我每次一定会吃鱼香茄子。
【20分钟后，吃光了】
Kate：虽然我们今天点的所有的菜都不错，但是对我来说宫保鸡丁会永远排在第一名！这道菜太好吃了！你觉得呢？
小李： 嗯，你说的没错，但是我还是不能放弃我的最爱。对我来说，第一名还是鱼香茄子。
小李&Kate：哈哈哈。
Kate： 那我们买单吧。
小李：服务员！我们要结账。
【服务员来】
Kate： 请问一共多少钱？
服务员：您好，今天一共消费了108块钱。请问您怎么支付呢？
Kate： 微信支付！
小李： 我们小李小李制吧，我一会儿发红包给你。
Kate： 嗯，好的，谢谢。
服务员：两位慢走。欢迎您再来！
【餐厅门口】
小李： 你觉得这家餐厅怎么样?
Kate： 我觉得这家餐厅真不错啊！你呢？
小李: 我也觉得很好，环境很安静、菜的味道很棒、服务员的态度也特别好、价格也不贵。我们下次再一起过来吧！Kate: 你说得对。我们肯定要再一起来！
"
11,Vlogi do nauki języka chińskiego na YouTube,06/06/2020,"Język chiński, Kultura","
Oglądanie vlogów po chińsku to doskonały sposób, aby udoskonalić umiejętności językowe, a także zagłębić się w chińską kulturę. W ostatnich latach moda na vlogowanie zagościła również w Azji, w związku z czym, pojawiło się wielu twórców, dzięki którym łatwo znaleźć vlogi do nauki języka chińskiego.
Spośród znanych nam kanałów postanowiliśmy wybrać kilka, która naszym zdaniem doskonale nadają się do nauki chińskiego.
Vlogi do nauki chińskiego
TheKellyYang – Lifestyle
Kelly to młoda Tajwańska vlogerka, która na co dzień mieszka w Stanach Zjednoczonych. Jej kanał można podpiąć pod kategorię „lifestyle”, która zapewne bardziej przypadnie do gustu żeńskiej widowni. W związku z tym, że Kelly pochodzi z Tajwanu, trudno nie zauważyć jej akcentu. Twórczość Kelly zawiera sporo Tajwańskich akcentów, a także tradycyjne znaki, które niektórych z Was mogą odstraszyć. Niewątpliwym plusem vlogów Kelly jest ich różnorodna tematyka, a także mandaryński, który pomimo tajwańskiego akcentu, jest stosunkowo łatwo zrozumiały.




Jasmine Lipska – Lifestyle
Tak jak nazwisko wskazuje, Jasmine ma Polskie korzenie. Córka Polaka i Syczuanki, która wychowała się w Australii podobnie do Kelly kręci vlogi o swoim życiu. Jasmine nagrywa większość vlogów po angielsku, jednakże na jej kanale nie brakuje chińskich treści. Chińskie vlogi Jasmine są idealna dla osób, które dopiero zaczynają swoją przygodę z chińskim. Vlogerka zamieszcza chińskie i angielski napisy, a jej mandaryński jest bardzo czysty i przyjemny do ucha. Vlogi Jasmine znajdziecie na jej kanale.




思维改变命运 – Wang Po – Psychologia
Kolejny vlog, tym razem bardziej tematyczny, skupia się na zagadnieniach z psychologii. Autorka w swoich filmikach często umieszcza recenzję książek, a także komentuje popularne wydarzenia na świecie z perspektywy psychologii. Wbrew pozorom zagadnienia z psychologii nie są tak trudne językowo jakby się mogły wydawać. Vlogerka w ciekawy sposób przedstawia swoje opinie, które prezentuję używając bardzo ładnego mandaryńskiego. Kanał polecamy bardziej zaawansowanym użytkownikom języka chińskiego.




金牌职业规划师彦菲 – Yanfei – Doradca zawodowy / biznes
Twórczość Yanfei, jak sama mówi, skupia się na doradztwu zawodowym.  Jednakże, wiele z jej filmików zawiera prezentację konceptów, które można bardzo ogólnie podpiąć pod szeroko rozumiany biznes. Bardzo przyjemnie słucha się Yanfei, które vlogi polecamy szczególnie osobom, które chcą się osłuchać z językiem chińskim biznesowym. Dodatkowo, można się wiele nauczyć o kulturze pracy w Stanach Zjednoczonych i Chinach. 




Dianxi Xiaoge – Gotowanie
W ciągu trzech lat młoda kobieta z małej wioski w Chinach stała się sensacją internetową, z ponad 11 milionami obserwujących na całym świecie. Filmik, dzięki któremu stała się sławna, przedstawia sposób przygotowania hamburgerów dla swoich dziadków na wsi. Dianxi gotuje za pomocą podstawowych narzędzi, w tym tasaka i dużego pieca opalanego drewnem. Pięknie zmontowane, dopełnione nastrojową muzyką vlogi są idealne dla osób, które fascynują się chińska kulturą, a przede wszystkim kuchnią. Z perspektywy językowej, na wielu filmach Dianxi nic niestety nie mówi, aczkolwiek ciężko było nie zwrócić uwagi na jej twórczość w tym rankingu. 




Wymienione przez nas vlogi do nauki języka chińskiego, to kilka propozycji, które nam przypadły do gustu. Na YouTube znajdziecie wielu innych twórców, którzy skupiają się na różnorodnych tematach, a także vlogują po chińsku. Znacie jakieś chińskie vlogi, które moglibyście polecić innym?
"
12,Dzień Dziecka w Chinach,01/06/2020,Kultura,"
Dzień dziecka podobnie jak w wielu krajach na całym świecie jest w Chinach obchodzony 1 czerwca. Ten specjalny dzień jest bardzo ważną datą w chińskim kalendarzu, która zapisała się w nim wraz z nadejściem „Nowych Chin”. 
Dzień dziecka w Chinach – historia
Pierwszy raz dzień dziecka w Chinach obchodzono 1 czerwca 1950 r. 
Po założeniu „Nowych Chin” partia i rząd przywiązywały dużą wagę do zdrowego rozwoju dzieci. Pomimo braku warunków materialnych i trudności we wczesnych dniach wyzwolenia, nadal podkreślano istotę rozwoju tych najmłodszych.
W listopadzie 1949 r. Światowa Federacja Kobiet Demokratycznych zdecydowała, że ​​1 czerwca będzie obchodzony dzień dziecka. W związku z tym Nowo utworzony Centralny Rząd Ludowy Chińskiej Republiki Ludowej postanowił przyłączyć się do tego wydarzenia. 
Centralny Komitet Partii przywiązywał wielką wagę do pierwszego Dnia Dziecka w Chinach. W odpowiedzi na apel o „ochronę praw dziecka i dążenie do pokoju” wydany przez Federację Kobiet Demokratycznych i inne organizacje, Chiny rozpoczęły przygotowania. Aby przygotować się do obchodów Dnia Dziecka,  organizacje ludowe i odpowiednie departamenty Centralnego Rządu Ludowego powołały komitet przygotowawczy. 
Pierwsze obchody
W związku z tym wydarzeniem powstały specjalne hasła, którymi Mao Zedonga nawoływał do świętowania: „Świętuj Dzień Dziecka” (”庆祝儿童节“). Wódz naczelny Zhu również przyłączył się wygłaszając motywujące hasła. Najsłynniejsze z nich to: „Dzieci w Nowych Chinach muszą kochać ojczyznę, naukę, pracę i być gotowe do budowy nowych Chin.”. Oryginał w wersji chińskiej: “新中国的儿童，要爱祖国、爱科学、爱劳动，准备好好的建设新中国。”. Liu Shaoqi, Zhou Enlai, Song Qingling, Deng Yingchao i inni przywódcy partii również przyłączali się do życzeń.
Tego dnia w hali koncertowej Zhongshan Park w Pekinie zebrało się 5000 chińskich dzieci. Zaproszono także dzieci i matki ze Związku Radzieckiego, Korei Północnej i innych krajów.

Wódz naczelny Zhu przykładał wielką wagę do rozwoju dzieci. Jedna z jego wypowiedzi głosiła: „Jesteś wciąż młody, ale musisz się uczyć, przyswoić wiedzę z różnych dziedzin naukowych, a także ćwiczyć ciało, aby być silnym i gotowym uczestniczyć w budowie Nowych Chin. Pracuj nad przekształceniem biednych i zacofanych Chin w wysoce kulturowe państwo posiadające silne podstawy przemysłowe. ”.  
Przy okazji pierwszych obchodów dnia dziecka cały kraj świętował organizując imprezy dla najmłodszych. Od tego czasu, 1 czerwca, w całym kraju organizowane są różne wydarzenia z okazji świąt dziecięcych, do których do dzisiaj przykłada się dużą wagę.
Źródło: 1, 2, 3, 4.
"
13,Dzień Matki w Chinach,26/05/2020,Kultura,"
Dzień Matki podobnie jak w wielu krajach obchodzi się również w Chinach. Dzień Matki przypada na co drugą niedzielę maja. W tym roku Dzień Matki w Chinach obchodzono 10 maja.
Dzień Matki nie od zawsze był częścią kultury Chin. Stał się powszechny w Chinach dopiero po tym, jak zyskał popularność w Hong Kongu, Makao i Tajwanie.
Dzień Matki w Chinach – historia
W latach 80. Dzień Matki zaczął być stopniowo praktykowany przez mieszkańców Chin kontynentalnych. Od 1988 r. niektóre miasta w południowych Chinach, takie jak Kanton, zaczęły organizować obchody Dnia Matki, czemu towarzyszyły różne atrakcje i aktywności, jak np. wybór “dobrej matki” (好母亲).
Pod koniec XX wieku, Dzień Matki zagościł w Chinach kontynentalnych na dobre. Coraz więcej osób zaczęło okazywać wdzięczność matkom celebrując Dzień Matki.
Jak Chińczycy obchodzą Dzień Matki?
Oczywiście chiński Dzień Matki jest bardziej chiński. Chińczycy wyrażają swoje silne przywiązanie na swój unikalny sposób. W Dzień Matki ludzie podarują matce kwiaty, ciasta, domowe posiłki i inne prezenty. 
W przypadku kwiatów, pierwszorzędnym wyborem są niezapominajki, które także nazywane są kwiatami matki.
Chińskie dzieci, aby okazać szacunek rodzicom, gotują dla swoich matek, pomagają matkom myć twarz, a nawet nakładać makijaż. Dodatkowo, przygotowują występy muzyczne, a także rysują obrazy, aby uszczęśliwić swoje matki. 
Oprócz uhonorowania swoich matek w tym dniu, ludzie pomagają także organizacjom charytatywnym organizując zbiórki mające na celu wesprzeć potrzebujących.
Ponadto, w Dzień Matki chińskie matki organizują konkursy kulinarne, pokazy mody i inne atrakcje. W zależności od prowincji, organizowane są inne atrakcje, np. wycieczki matek i konkurs na najlepszą matkę. 
Dzień Matki promujący macierzyńską miłość stał się świętem narodowym i obowiązkowym dniem w kalendarzu każdego Chińczyka. 
母亲节快乐！Mǔqīn jié kuàilè! Szczęśliwego dnia Matki!
"
14,Zwyczaj krępowania stóp w Chinach,24/05/2020,Kultura,"
Starożytni Chińczycy mieli zwyczaje i ideały, które wciąż pozostają trudne do zrozumienia. Jednym z nich była gloryfikacja małych kobiecych stóp. W związku z tym, aby zaspokoić pragnienia mężczyzn, kobiety przechodziły trudny do wyobrażenia ból krępując stopy, aby były jak najmniejsze.
Krępowanie stóp
缠足 (chánzú), czyli krępowanie stóp było popularne tylko u starożytnych Chińczyków Han. Dlaczego starożytni Chińczycy tak bardzo kochali małe stopy? 
Jedyne logiczne wytłumaczenie może odnosić się do ideału piękna charakterystycznego dla każdej epoki, ponieważ poza tym trudno jest doszukać się innych istotnych powodów.

Czy skrępowane stopy są rzeczywiście takie ładne? Według starożytnych Chińczyków tak. Kobiety za pomocą tkanin krępowały stopy, tak aby z biegiem czasu wykrzywiały się w charakterystyczny sposób, dzięki czemu stawały się maleńkie.
Skrępowane stopy uniemożliwiały swobodne chodzenie, dlatego kobiety zakładały specjalne małe haftowane buty (绣花鞋 – xiùhuāxié). Maleńkie stopy w połączeniu z haftowanymi butami idealnie wpisywały się w chiński ideał piękna.

Nadejście dynastii Qing (1644-1911) zmieniło nieco postrzeganie krępowania stóp. Ludność Han nadal kontynuowała zwyczaj, jednakże Mandżurowie już nie. Niemniej jednak, w późniejszych okresie rytuał został również kultywowany przez niektóre mandżurskie kobiety.
Po upadku dynastii Qing, pod wpływem zachodniej kultury, kobiety sprzeciwiły się rytuałowi krępowania stóp i stopniowo zaprzestały jego kultywowania. Mężczyźni również podzieli zdanie kobiet i zaczęli krzywo patrzeć na skrępowane kobiece stopy.
Ideał piękna w dzisiejszych czasach
Obecnie kobiety nie są ograniczane przez feudalne społeczeństwo i mogą same decydować co zrobić ze swoim ciałem. W dzisiejszych czasach wykształcił się nowy chiński ideał piękna stóp, który przybrał nazwę nefrytowych/jadeitowych stóp (玉脚 yù jiǎo). Szczupłe, białe jak śnieg stopy stały się ideałem piękna, który utrzymuje się po dzień dzisiejszy.
Wielu Chińczyków uważa, że stopy są drugą twarzą kobiety (脚是女人的第二张脸). Jak widać tradycja ewoluowała z czasem, jednakże uwielbienie stóp w kulturze Chin pozostało niezmiennie ważne do dziś.
Źródło: 1, 2, 3
"
15,Nowy format HSK!,20/05/2020,Język chiński,"
Jak podaje 元任对外汉语  nowy format egzaminu HSK został już zaakceptowany. Jedną z głównych zmian jest podzielenie egzaminu na 9 poziomów, a także wprowadzenie zadania tłumaczeniowego.
Już w 2015 r. w siedzibie Instytutu Konfucjusza rozpoczęto opracowywanie nowych standardów HSK przy wsparciu kilkudziesięciu chińskich i zagranicznych ekspertów i naukowców oraz Chińskiej Komisji Języka Narodowego. Po pięciu latach ciężkiej pracy narodził się nowy format egzaminu HSK, który powinniśmy ujrzeć już wkrótce.
Co znajdziemy w nowym formacie HSK?
W porównaniu z poprzednim formatem nastąpiły trzy główne zmiany: 
Nowy format ma na celu określenie czterowymiarowego systemu indeksu kwantyfikacji języka: sylab, chińskich znaków, słownictwa i gramatyki, w celu dokładnego zweryfikowania poziomu języka chińskiego ucznia.Podzielenie egzaminu na trzy kategorie: początkujący, średnio zaawansowany i zaawansowany. Dodatkowo, kategorie podzielono na 9 poziomów (po 3 na każdą kategorie), czyli o 3 więcej w porównaniu do poprzedniego formatu.Trzecia zmiana polega na wykorzystaniu powszechnie akceptowanych teorii uczenia się języków, w szczególności komunikatywnych modeli umiejętności językowych Bachmana. Dla każdego poziomu, użyty zostanie wskaźnik kwantyfikacji języka, umiejętności komunikacji werbalnej i rozumienia treści zadania tematycznego. Dodatkowo, egzamin będzie miał na celu zweryfikować pięć wymiarów umiejętności językowych, na które składają się słuchanie, mówienie, czytanie, pisanie i tłumaczenie. Nowa ścieżka „3 + 5”, ma odzwierciedlać biegłą znajomość języka chińskiego w sposób kompleksowy i trójwymiarowy.
Niewątpliwie jest to ciekawy pomysł. Dotychczas co do formatu HSK można było mieć sporo zastrzeżeń. Jego obecna forma, szczególnie w przypadku wyższych poziomów, jest słabym odzwierciedleniem wiedzy językowej. Być może podzielenie go na 9 poziomów pozwoli w lepszy sposób zweryfikować poziom językowy ucznia. 
Jeśli informacje się potwierdzą, to czeka nas nowa część tłumaczeniowa. Tutaj pojawia się pytanie, czy twórcy przewidzieli lokalizację tej części, a jeśli tak, to jak będzie przebiegał proces sprawdzania.
Póki co nie jest to oficjalna informacja, a więc przyjdzie nam poczekać jeszcze kilka tygodni na potwierdzenie tych doniesień. Niemniej jednak, nowy format zapowiada się ciekawie.
"
16,Wtyczki do nauki chińskiego,18/05/2020,Język chiński,"
Zhongwen – wtyczka do nauki chińskiego
Jedna z najpopularniejszych wtyczek do nauki języka chińskiego, która zebrała ponad 70,000 użytkowników. Bardzo prosta i szybka w użyciu, a co więcej bez żadnych reklam. 
Zhongwen jest narzędziem, dzięki któremu możemy tłumaczyć chińskie znaki. Wystarczy najechać na znak myszką, a tłumaczenie wyświetli się samo. 

Dodatkowo, w przypadku niektórych słów po naciśnięciu “g” na klawiaturze zostaniemy przeniesieni do strony wyjaśniającej gramatykę danego znaku.

Poza gramatyką i tłumaczeniem, możemy również sprawdzić tony, które oznaczone są różnymi kolorami, a także klasyfikatory w przypadku rzeczowników.
Wtyczkę do Chrome można pobrać tutaj. 
New Tong Wen Tang – konwerter znaków
Bardzo przydatna wtyczka, która umożliwia nam konwertowanie znaków z uproszczonych do tradycyjnych i na odwrót. 

Po otwarciu opcji wtyczki możemy spersonalizować ustawienia pod nasze potrzeby.
Dodatkowo, wtyczka umożliwia nam manipulowanie ustawieniami w kontekstowym menu. Możemy konwertować znaki z tradycyjnych na uproszczone i na odwrót, a także konwertować znaki zapisane w schowku.

Wtyczka w wersji dla Chrome dostępna jest tutaj.
"
17,Chiński YouTube – przegląd aplikacji,12/05/2020,"Kultura, Technologia","
Ciężko w Chinach znaleźć aplikację, którą można by nazwać chińskim YouTubem. Chiński YouTube niestety jeszcze nie powstał, jednakże, istnieje kilka aplikacji, które można do niego porównać.
Chińskie aplikację można porównać do YouTube na wielu płaszczyznach. Zaczynając od ich charakteru, odbiorców, twórców, a kończąc na aspektach finansowych. Poniżej zamieszczam listę aplikacji, które moim zdaniem najbardziej wypełniają rolę chińskiego odpowiednika YouTube w Chinach.
Chiński YouTube
Youku
Youku to usługa hostingu wideo z siedzibą w Pekinie w Chinach, która działa w ramach grupy Alibaba. Platforma Youku od wielu lat istnieje na rynku i wyznacza trendy w chińskiej popkulturze. 
Na Youku dawniej można było znaleźć amatorskie filmy tworzone na wzór treści umieszczanych na YouTube, które często były również z niego kopiowane. W tamtym czasie Youku funkcjonowało na wzór chińskiego YouTube’a, jednakże od paru lat Youku zmieniło swój profil. 

Obecnie Youku można bardziej porównać do Netflixa, czy też polskiego Playera. Youku wypełnione jest serialami, filmami, dokumentami, bajkami, a także programami rozrywkowymi. Dostęp do większości treści jest możliwy jedynie po zakupie konta VIP, które działa podobnie do subskrypcji na Netflixie. 
Istnieje jeszcze kilka innych podobnych do Youku platform, jak np. iQIYI, które wydaje się być największym rywalem Youku. Struktury obu platform są bardzo podobne, a ich rywalizację można by porównać do starcia pomiędzy Netflix i HBO.
Douyin – TikTok

Mówiąc o chińskim YouTube ciężko nie wspomnieć o Douyin, znanym poza Chinami jako TikTok.
Douyin, to aplikacja mobilna, która służy do tworzenia i udostępniania krótkich treści video, które zazwyczaj nie przekraczają 15 sekund.
W zeszłym roku Douyin w Chinach chwalił się ponad 250 milionami aktywnych użytkowników dziennie, obecnie liczba ta wzrosła do 400 milionów. Ogromna popularność Douyina dotarła poza granice Chin, gdzie pod nazwą TikTok buduje coraz silniejszą markę przyciągając takie gwiazdy jak np. Robert Lewandowski.
Biorąc pod uwagę popularność oraz aspekty finansowe, gwiazdy Douyina można nazwać chińskimi youtuberami. Podobnie do youtuberów, ich główny przychód oparty jest na reklamach i sponsorach. 
Gwiazdy Douyina mogą liczyć na sponsorów jeśli ich oglądalność utrzyma się na liczbie co najmniej 10 milionów odsłon, co można porównać do polskiego odpowiednika 10,000 wyświetleń na YouTube.
Live Streaming – aplikacje
Na koniec warto umieścić na liście aplikację służące do tworzenia relacji na żywo. Pomimo, że tylko częściowo można by je sklasyfikować pod etykietą “chiński YouTube”, to ciężko przejść obojętnie obok ich popularności.
Najbardziej znane aplikacje do tworzenia relacji na żywo, to m.in. YY, Momo, Huajiao i Inke. To właśnie o YY powstał bardzo ciekawy film dokumentalny – Ludowa Republika Pożądania.

Live Streaming w Chinach wszedł na poziom, którego YouTube może póki co jedynie pozazdrościć. Tego typu aplikacji zyskały popularność i uznanie w Chinach już wiele lat temu.
Ich struktura jest bardzo prosta i działa podobnie do obecnego YouTube’a. Streamerzy przyciągają fanów, którzy chcąc zwrócić uwagę swojego idola, wysyłają mu prezenty, którymi są pieniądze. 
Za streamerami stoją potężne agencję, które wyłapują talenty i w zamian za prowizję, szkolą swoich podopiecznych i wskazują im drogę. 
Co roku odbywa się wielki pojedynek streamerów, który podzielony jest na kategorie, a wygrywa ten, kto zdobędzie najwięcej głosów – pieniędzy. Fani identyfikują się z idolami do tego stopnia, że często wydają całe swoje oszczędności, aby tylko zobaczyć swoje gwiazdy na pierwszym stopniu podium.
Dlaczego nie istnieje Chiński YouTube?
To pytanie, na które nie ma jednoznacznej odpowiedzi. Jedni doszukują się problemów ze skupieniem uwagi Chińczyków na dłuższych treściach, a inni szukają winy wśród wielkich wytwórni, które szybko przechwytują talenty i tworzą swoje autorskie programy.
Jednakże, popularność Douyina i aplikacji live streamingowych niejako odpowiada na to pytanie. Douyin zapewnia krótką, szybką, zmienną, dynamiczną i niekończąca się rozrywkę, która nie wymaga wysiłku intelektualnego, czy też wielkiej uwagi. 
Natomiast aplikacje live streamingowe pozwalają użytkownikom w łatwy sposób nawiązać uczuciową relację z ich idolem, która ze względu na ich problemy społeczne, często wypełnia zakładkę relacji w ich życiu, co doskonale zilustrował wyżej wymieniony dokument.
"
18,Święto pracy w Chinach,04/05/2020,"Wiadomości, Życie w Chinach","
Długi weekend majowy, to pierwsze duże święto w Chinach od momentu poluzowania restrykcji wywołanych przez wybuch koronawirusa. Święto pracy w Chinach wiążę się co roku z 5 dniową przerwą i stanowi jedną z najważniejszych pozycji w kalendarzu.
W związku z wybuchem koronawirusa majówka stała pod wielkim znakiem zapytania. Święto pracy w Chinach co roku wiąże się ze wzmożonym ruchem turystycznym. W związku z tym, zarówno firmy, jak i szkoły wydawały komunikaty nawołujące do pozostania w domach i unikania tłumów. Jednakże władze poprzez swoje działania jednocześnie dawały zielone światło dla podróżujących. 
W celu ożywienia przemysłu turystycznego, władze otworzyły setki miejsc do zwiedzania, w tym Zakazane Miasto w Pekinie, które zostało otwarte po raz pierwszy od wybuchu koronawirusa.
Według danych chińskiego Ministerstwa Kultury i Turystyki, 1 maja odnotowano ponad 23 miliony turystów krajowych. 
Ministerstwo Transportu szacowało nawet 23,36 miliona podróżnych dziennie w tym okresie. Niemniej jednak, liczby te nie nawet nie równają się z zeszłorocznymi rachunkami, kiedy to liczba podróżujących dziennie przekroczyła 67 milionów.
Przemysł turystyczny ruszył również w prowincji Hubei. Departament Turystyki Hubei podał, że 22 ponownie otwarte spoty turystyczne odwiedziły 1 maja 109664 turystów, czyli o 87% mniej niż rok wcześniej. 
Źródło obrazka: echinawire
"
19,Chińskie Allegro – Taobao od środka,01/05/2020,"Technologia, Życie w Chinach","
Taobao można łatwo skojarzyć jako chińskie Allegro. Ma na to wpływ nie tylko jego podobieństwo kolorystyczne, ale przede wszystkim jego charakterystyka działania. Taobao co roku bije rekordy sprzedażowe i pomimo pojawiania się konkurencji, nadal pozostaje ulubionym wyborem chińskim internautów. Jak działa Taobao i dlaczego pokochali je Chińczycy? Zapraszam do krótkiej lektury.
E-commerce w Chinach
Chiński e-commerce rozwija się w niesamowitym tempie, co doskonale odzwierciedlają liczby. W ubiegłym roku sektor e-commerce stanowił około 35% całego rynku detalicznego. Prognozy wskazują, że chiński e-commerce może wynieść nawet połowę całego światowego rynku.
Biorąc pod uwagę, że w Chinach mamy do czynienia z ponad 800 milionami internautów, to rozwój handlu elektronicznego nie powinien nikogo dziwić.
Chińskie allegro
Na polskim rynku niezmiennie króluje Allegro, jednakże od pewnego czasu coraz częściej użytkownicy sięgają po produkty do Aliexpress. Aliexpress, pomimo że chińskie, to niewiele mówi przeciętnemu Chińczykowi.
Odpowiednikiem polskiego Allegro w Chinach jest Taobao 淘宝. Prawdą jest, że istnieje kilka innych platform konkurujących z Taobao jak np. Jingdong 京东, jednakże dzisiaj skupię się na tej pierwszej.
Taobao – strona startowa
Taobao
Chińska platforma Taobao mająca siedzibę w Hangzhou, której właścicielem jest Alibaba, to największy na świecie sklep internetowy i ósma najczęściej odwiedzana strona internetowa według Alexy.
Podobnie jak na Allegro, na Taobao zarówno sklepy, jak i osoby prywatne mogą wystawiać przedmioty. 
Warto zaznaczyć, że Taobao nie jest dostępne w wersji angielskiej, dlatego jeśli nie znamy języka chińskiego, to pozostaje użyć nam wtyczki, która przetłumaczy stronę za nas.
Jedną z moich ulubionych funkcji na Taobao jest możliwość wyszukiwania przedmiotów na podstawie jego zdjęcia. Wystarczy, że zrobimy lub wgramy zdjęcie, a Taobao znajdzie oferty na podstawie ich graficznego podobieństwa. 
Wyszukiwanie przedmiotów na podstawie zdjęcia – Taobao
Na chińskim Allegro kupimy wszystko. Oryginalny ubrania, elektronika, jedzenie, meble i wiele więcej. Ogromnym plusem Taobao jest darmowa wysyłka, która dotyczy większości przedmiotów. Możemy zamówić przedmiot o wartości 10 groszy z miasta oddalonego o 1000 km, a wysyłka nadal będzie darmowa
Prostota
To jeden kluczy do sukcesu Taobao. Taobao możemy z łatwością zintegrować z Wechat’em (chiński odpowiednik Facebooka, Instagrama, Twittera i wielu innych w jednym) lub Alipay’em (odpowiednik PayPal). 
Dzięki temu proces kupowania przedmiotu może zająć nam nie więcej niż 3 sekundy. Po naciśnięciu przycisku “Kup Teraz” wybieramy wcześniej zapisany adres, następnie potwierdzamy płatność odciskiem palca i gotowe! 
Promocje na Taobao
Co roku Taobao bije swoje zeszłoroczne rekordy sprzedażowe podczas słynnej wyprzedaży 双十一, czyli podwójna jedenastka (11.11, dzień singla).
W tym dniu sprzedawcy na Taobao oferują gigantyczne zniżki. Najbardziej popularne produkty, które dostępne są w ograniczonej ilości mają niesamowite wzięcie i rozchodzą się dosłownie w kilka sekund.
Szczególnie dotyczy to elektroniki lub markowych ubrań tak uwielbianych przez Chińczyków. 10 listopada czekają aż zegar wybije północ, aby zdążyć kupić swój pożądany przedmiot.
Chińskie Allegro a zwroty
Ostatnią rzeczą, którą chciałbym opisać to zwroty. Taobao rozwiązało to w bardzo prosty sposób. Najpierw należy zgłosić chęć oddania przedmiotu sprzedającemu. Nie musimy niczego pisać, wystarczy wybrać opcję “Zwrot”, wybrać powód z listy i czekać na decyzję sprzedawcy.
Rzadko się zdarza, że sprzedawca robi  jakiekolwiek problemy. Gdy już sprzedawca wyrazi zgodę, to możemy zamówić kuriera bezpośrednio przez Taobao lub na własną rękę.
W pierwszym przypadku wybieramy datę i godzinę kiedy ma przyjść kurier. Nie musimy nawet pakować przedmiotu! Kurier zrobi to za nas. Za kuriera musimy zapłacić, a ceny różnią się w zależności od przedmiotu, jednakże za małe przedmiotu jest to zazwyczaj koszt kilku złotych.
Pieniądze są czasem zwracane nam nawet w ciągu kilku godzin.
Niewątpliwie Chińczycy opanowali sztukę e-commerce do perfekcji, dlatego liczby, które generują nie powinny nikogo dziwić. Duży wybór, prostota, bezpieczeństwo, to wszystko co gwarantuje nam chińskie Allegro – Taobao.
"
20,Jak się przedstawić po chińsku – podstawy,30/04/2020,Język chiński,"
Jednym z powodów, dla którego nauka języka chińskiego może być prostsza od innych języków jest jego banalna gramatyka, o czym wspomniałem tutaj.
Najprostszym sposobem, aby się o tym przekonać jest zobaczyć jak to działa w praktyce.
Cześć!
Warto byłoby zacząć od przywitania się! A więc jak powiedzieć cześć po chińsku?
你好！- Nǐhǎo! – Cześć!
Co oznacza każdy znak?
你 nǐ – ty
好 hǎo – dobry, być dobrym
Co to za dziwne kreski nad “i” i “a”? Te dziwne kreski to tony. Język chiński jest językiem tonalnym, w którym rozróżniamy cztery tony, więcej o tonach tutaj.
Mam na imię…
我叫David –  Wǒ jiào David (spolszczona transkrypcja wymowy: ło dźao David)- Mam na imię David.
我 – wǒ – ja
叫 – jiào – mieć na imię, nazywać się
Miejsce wǒ mógłby zająć inny zaimek osobowy np. Nǐ:
你叫David – Nǐ jiào David  – Masz na imię David.
Żadnego dodawania końcówek, żadnych odmian, proste!
Jestem Polakiem
我是波兰人 – Wǒ shì bōlán rén (ło szy bolan żen) – Jestem Polakiem/Polką. 
我 – wǒ – ja
是 – shì – być
波兰 – Bōlán – Polska
人 – rén – człowiek
波兰人 – Bōlánrén – Polak/Polka
Jak widzisz chińska składnia jest bardzo prosta i logiczna – podmiot, orzeczenie i dopełnienie. Tworzenie zdań, to nic innego jak dopasowywanie do siebie odpowiednich znaków, a o odmianę nie musimy się martwić.
Teraz już wiesz jak się przedstawić po chińsku. Jak widzisz, to nie takie trudne! To dopiero początek, ale doskonale obrazuje jak działa język chiński!
"
21,"Chińskie seriale, które musisz zobaczyć",28/04/2020,Kultura,"
Najlepsze chińskie seriale – subiektywny ranking
Chińskie seriale, to w większości rozrywka dla pasjonatów, którym nie przeszkadza fatalna gra aktorska i nudna fabuła. Jednakże wśród chińskich seriali da się znaleźć perełki, przed którymi ciężko przejść obojętnie.
All is Well 都挺好
All is Well
Serial opowiada historię fikcyjnej chińskiej rodziny rozdartej wewnętrznym konfliktem. 
Rodzina Su upada wraz z nagłą śmiercią matki Su. Odejście matki, która była głową rodziny i trzymała ojca pod pantoflem sprawiło, że nieporadnym i samolubnym ojcem muszą zaopiekować się dzieci. Nagły wypadek przerywa spokojne życie dwóch starszych braci i młodej siostry. Su Ming Yu to młodsza siostra, której chłodne relacje z owdowiałym ojcem i jednym z dwóch braci powodują wiele konfliktów.
Fabuła na pierwszy rzut oka szału nie robi, a więc co sprawia, że All is Well stało się absolutnym hitem w Chinach?
Fenomen tego chińskiego serialu polega na jego brutalnym ukazaniu rzeczywistości. 
All is well obnaża słabości wielu aspektów chińskiej kultury, których ślepe respektowanie prowadzi do konfliktów, a nawet przemocy.
Motyw twarzy w kulturze chińskiej przewija się przez wszystkie odcinki, który w wielu przypadkach jest głównym powodem zwar rodzinnych. 面子, czyli twarz w kulturze Chin może być opisana jako to jak postrzegają nas inni. Twarz można utożsamić z prestiżem, statusem społecznym, a nawet honorem.
Poza tym, serial świetnie obrazuje współczesne życie Chińczyków z perspektywy pracy, szkoły, rodziny, a także związków. All is Well to tytuł, od którego powinniśmy zacząć naszą przygodę z chińskimi serialami. 
All is Well dostępne jest na YouTubie z angielskimi napisami tutaj.
Day and Night
Day and Night 白夜追凶
Kolejny chiński serial, który chce polecić na dziś to Day and Night.
Guan Hong Yu zostaje oskarżony o zamordowanie całej rodziny. Aby wyjaśnić zarzuty młodszego brata bliźniaka, lider zespołu śledczego Guan Hong Feng chce zająć się tą sprawą. Jednakże, ponieważ jest krewnym, nie może brać udziału w dochodzeniu.
Pojawia się nowy lider zespołu o imieniu Zhou Shu Tong. Zhou Shu Tong i Hong Feng jako jego „konsultant” wspólnie rozpracowują wiele spraw. Hong Feng skrywa jednak tajemnicę: strach przed ciemnością. W związku z czym, „Hong Feng”, który pojawia się na posterunku policji w ciągu dnia i nocy nie jest właściwie tą samą osobą. Wspólnie bliźniacy potajemnie próbują odkryć prawdę o morderstwie, o które jest posądzony jeden z braci,
Chińskie seriale rzadko kiedy potrafią opowiedzieć historię bez przesadnego przekoloryzowania rzeczywistości. Day and Night jest pewnego rodzaju wyjątkiem.
Mamy tutaj do czynienia z bardzo dobrym kryminałem, którego wciągająca fabuła, a także dobra gra aktorska jest uzupełniona przepięknymi ujęciami. 
Day and Night to obowiązkowa pozycja wśród chińskich seriali dla fanów dobrego kina. Możesz zobaczyć teledysk, to piosenki przewodniej i klipy z serialu tutaj.
Zobacz więcej wpisów na temat kultury Chin tutaj.
Źródło: własne, mydramalist.com
"
22,Studia w Chinach,27/04/2020,"Studia, Życie w Chinach","
Czy warto studiować w Chinach? Odpowiedź jest krótka – warto! Studia w Chinach to niesamowite doświadczenie, które może przynieść nam korzyści na wielu płaszczyznach. Jak wyglądają studia w Chinach? Co warto wiedzieć, jak się przygotować i jak aplikować na studia w Chinach? Zapraszam do lektury.
Dlaczego warto wyjechać na studia do Chin
Studia w Chinach oferuję wiele korzyści z perspektywy studenta zagranicznego. Chińskie uniwersytety posiadają bardzo bogate zaplecze naukowo-badawcze, którego może pozazdrościć nie jeden uniwersytet w Polsce.
Większość uniwersytetów udostępnia darmowe kursy języka chińskiego dla swoich zagranicznych studentów. O tym dlaczego warto uczyć się chińskiego znajdziesz tutaj.
Dyplom ukończenia studiów w Chinach to niewątpliwie atrakcyjny punkt w CV dla pracodawców. Pokazuje on nie tylko Twoją ambicję, ale także odwagę i doświadczenia międzykulturowe,  dzięki któremu Twój profil będzie się wyróżniał, a co za tym idzie łatwiej będzie Ci znaleźć dobrą pracę.
Studia, to nie tylko nauka, ale także życie studenckie. Życie studenckie w Chinach opisałem szerzej tutaj.
Mieszkając w Chinach możesz podróżować za grosze po całej Azji. Będąc w Chinach otwierasz sobie drzwi na całą Azję, po której przemieszczanie się jest bardzo proste i tanie.
System edukacyjny w Chinach
Podobnie jak w Polsce, w Chinach również istnieje podział na studia licencjackie, inżynierskie, magisterskie i doktoranckie. W zależności od uczelni studia licencjackie mogą trwać 3-4 lata, magisterskie 2-3 lat, a doktoranckie nawet do 5 lat. 
W przypadku studiów licencjackich mogą się składać z 3 lat nauki oraz 1 roku praktyk. Studia magisterskie zazwyczaj składają się z 3 semestrów nauki i 3 semestrów praktyk lub czasu na napisanie pracy magisterskiej.
Rekrutacja
Proces rekrutacyjny zazwyczaj wygląda podobnie do naszych uniwersytetów. Należy dostarczyć formularz aplikacyjny najwyższy uzyskany dyplom, skan paszportu, listy polecające od pracownika naukowego (doktor habilitowany lub profesor), certyfikat językowy potwierdzający znajomość języka angielskiego lub chińskiego. 
Certyfikat językowy to zazwyczaj minimum HSK4 dla języka chińskiego, a dla angielskiego TOEFL  lub IELTS.
Aby zwiększyć szansę dostania się na chiński Uniwersytet, warto pochwalić się osiągnięciami naukowymi, udziałem w konferencjach, publikacjami, czy też innymi związanymi z kierunkiem studiów projektami.
Uniwersytety
Listę uniwersytetów w Chinach można znaleźć tutaj. Im wyższy poziom uniwersytetu, tym większe jego zainteresowanie studentów, a co za tym idzie tym trudniej się dostać. 
Kampus uniwersytecki w Chinach – Chengdu
Uniwersytety podobnie jak w Polsce podzielone są na te specjalizujące się w danej dziedzinie nauki. 
Rok akademicki
Studia w Chinach podzielone są na dwa semestry. Rok akademicki zaczyna się we wrześniu, a przerwa zimowa trwa zazwyczaj od stycznia do marca (w zależności od tego jak przypada Chiński Nowy Rok). Semestr letni kończy się w lipcu.
Zaliczenia egzaminów
Podobnie jak w Polsce zaliczenia egzaminów odbywają się w formie egzaminu pisemnego na koniec semestru. Jednakże wiele uczelni preferuję zaliczenia w formie prac pisemnych. 
Często zdarza się, że obcokrajowcy mogą sami wybrać formę zaliczenia. Wszystko zależy od uniwersytetu.
Życie studenckie
Chińscy studenci spędzają nieco inaczej czas niż ich Polscy rówieśnicy, jednakże studiowanie w Chinach może być tak samo zabawne. Istnieje wiele klubów studenckich, a także barów, pubów, które oferuję specjalne zniżki dla obcokrajowców, aby przyciągnąć klientów. Więcej o życiu chińskich studentów tutaj.
Ile kosztują studia w Chinach?
W zależności od kierunku i uniwersytetu czesne może wahać się między 10,000 a 30,000+ RMB za rok akademicki. Kurs języka chińskiego w Chinach może kosztować od 3,000 RMB za semestr. 
Jak dostać się na stypendium do Chin
Chiny oferuję liczne stypendia dla obcokrajowców. Stypendia bardzo często pokrywają koszta nauki oraz dodatkowo oferuję pieniądze na życie, które w zupełności wystarczają na komfortowe życie w Chinach. 
O tym, które stypendium wybrać i jak aplikować na stypendium do Chin pisałem tutaj.
Wiza do Chin
Wiza to najmniejszy problem planując studia w Chinach. Po tym jak uniwersytet nas zaakceptuje i/lub otrzymamy stypendium, to dostaniemy dokładne wytyczne od uniwersytetu. 
Warto przygotować tłumaczenie niezbędnych dokumentów takich jak dyplom, oceny, i inne wymagane przez uniwersytet papiery. Co do szczegółów najlepiej kontaktować się z ambasadą oraz uniwersytetem, ponieważ wymagania mogą być różne. 
Trzeba się przygotować na to, że przed wyjazdem trzeba będzie dostarczyć certyfikat zdrowia, który składa się podstawowego badania, testów krwi m.in. na HIV. 
Niemniej jednak, nie ma co się przejmować, o ile nie byliśmy karani, wiza to nie problem!
Ubezpieczenie 
Studiując w Chinach jesteśmy zobowiązani do ubezpieczenia się za pośrednictwem uniwersytetu. Jednakże warto wykupić dodatkowe ubezpieczenie, które pokryje nam koszty leczenia w razie potrzeby.
Jak znaleźć mieszkanie w Chinach
Studiując w Chinach możesz mieszkać w akademiku lub zdecydować się na wynajem mieszkania. W zależności od miasta ceny wynajmu różnią się. Jednakże jeśli wybierzemy miasto “drugiego sortu”, jak np. Chengdu, Xian, Hangzhou itp., to ceny wynajmu za dobrej jakości studio mogą zaczynać się już od 600 zł za miesiąc. 
Jeśli chcesz szukać mieszkania w Chinach, to polecam zrobić to na miejscu. Po określeniu, w której okolicy chcesz zamieszkać najlepiej przejść się dookoła i zapukać do drzwi pośrednika, które znajdują się niemalże na każdym rogu.
Osiedle mieszkaniowe w Chinach
Przykładowi pośrednicy to Lianjia lub Anjuke. Jeśli potrzebujesz pomocy, to chętnie udzielę Ci darmowej porady jak znaleźć mieszkanie w Chinach.
Studia w Chinach a praca
Studiując w Chinach obcokrajowcy nie mogę legalnie pracować. Jednakże jest możliwość otrzymania zgody na praktyki studenckie. 
Praktyki nie powinny przekraczać więcej niż 20 godzin tygodniowo (czasem zależy to od uniwersytetu lub miasta), a także powinny być nieodpłatne. Jednakże często da się dogadać z pracodawcą i dostać wypłatę mimo to. 
Studia a język chiński
Aby studiować w Chinach nie musimy znać języka chińskiego. Warto jednak znać podstawy lub nawet posiadać certyfikat znajomości języka chińskiego HSK, który niewątpliwie pomaga w procesie rekrutacyjnym. 
Będąc studentem chińskiego uniwersytetu zazwyczaj możemy uczęszczać na darmowe zajęcia z języka chińskiego. 
"
23,Jak wyjechać na studia do Chin? Rodzaje stypendiów do Chin.,25/04/2020,"Studia, Życie w Chinach","
Studia w Chinach to niewątpliwie egzotyczny, aczkolwiek atrakcyjny kierunek. Stosunkowo niewielu studentów decyduje się na studia w Państwie Środka, jednakże w ostatnich latach zainteresowanie wschodnim kierunkiem stopniowo wzrasta. 
Chiny oferując szeroki wachlarz ofert stypendialnych zachęcają rzesze obcokrajowców do przyjazdu nie tylko na studia, ale także kursy językowe. Nie ma co się temu dziwić, ponieważ stypendia do Chin są bardzo atrakcyjne nie tylko pod względem edukacyjnym, ale także finansowym. A co więcej, stosunkowo łatwo dostać się na stypendium do Chin.
Studia w Chinach
Życie w Chinach to niesamowite doświadczenie, które nie tylko budzi ciekawość rekruterów w CV, ale także pozwala lepiej poznać świat. Decydując się na wyjazd do Chin musimy być gotowi na zderzenie z kompletnie obcym światem, który dzięki swojej odmienność jest tak bardzo fascynujący.
Studia w Chinach pod względem samej struktury edukacyjnej wyglądają bardzo podobnie do studiów w Polsce i innych miejscach na świecie. Różnią się natomiast długością trwania studiów. Licencja może trwać nawet 4 lata, a studia magisterskie 3 lata. 
W przypadku studiów licencjackich w większości przypadków składają się na 3 lata nauki oraz jednego roku praktyk, w którym wchodzi czas na napisanie pracy zaliczeniowej.

Studia magisterskie w zależności od kierunku mogą trwać nawet 3 lata, na które składają się trzy semestry nauki, oraz trzy semestry na napisanie pracy magisterskiej.
Studiowanie w Chinach jest niesamowitym doświadczeniem, o którym więcej pisałem tutaj.
Kurs języka chińskiego w Chinach
Wielu studentów decyduje się na wyjazd do Chin w celu nauki języka chińskiego. Niemalże każdy uniwersytet oferuje kursy języka chińskiego dla obcokrajowców. Jak wygląda taki kurs?
Zazwyczaj zajęcia z praktycznej nauki języka chińskiego odbywa się od poniedziałku do piątku od godzin porannych do około 12. W zależności do uniwersytetu po południu mogą odbywać się dodatkowe zajęcia kulturowe, jednakże nie jest to żadnym standardem.
Kursy chińskiego w Chinach są przystosowane dla osób z każdym poziomem języka chińskiego. Liczba osób w grupie i konkretny plan zajęć zależy od placówki, jednakże zazwyczaj rozróżniamy cztery rodzaje zajęć: pisanie, czytanie, mówienie i zajęcia ogólne z języka chińskiego.
Stypendium na studia do Chin
Chiny, a także inne państwa, czy też instytucję oferują wiele rodzajów stypendiów na studia do Chin. Spośród szerokie wachlarza ofert wybrałem dwa najbardziej powszechne rodzaje stypendiów na studia do Chin.
Stypendium Rządu Chińskiego (CSC)
Chinese Scholarship Council znany również jako Stypendium Rządu Chińskiego (Chinese Government Scholarship), to jeden z najatrakcyjniejszych wyborów jeśli chodzi o oferty stypendialne. 
CSC oferuje programy stypendialne na studia licencjackie, magisterskie, doktoranckie, a także kursy językowe roczne lub semestralne.
Pełne stypendium CSC oferuje:
3500 RMB + 700 RMB (lub miejsce w akademiku) + czesne dla studentów studiów doktoranckich3000 RMB + 700 RMB (lub miejsce w akademiku) + czesne dla studentów studiów magisterskich2500 RMB + 700 RMB (lub miejsce w akademiku) + czesne dla studentów studiów licencjackich2000-2500 RMB + 700 RMB (lub miejsce w akademiku) + czesne dla studentów kursu językowego
Warto zaznaczyć, że pieniądze oferowane przez CSC w zupełności wystarczają na życie w Chinach. Wybierając nieco mniejsze miasto np. Chengdu, Changsha, Kunming, czy też Hangzhou, pieniądze wystarczą nam nawet na wynajem mieszkania i życie. 
Nie ma co się rozpisywać, student może wybrać uniwersytet, na który chciałby aplikować, a także kierunek, który go interesuje. W zależności do uniwersytetu, a także kierunku, wymagania do otrzymania stypendium mogą być inne. Niemniej jednak, warto pamiętać, że im lepsze nasze oceny i portfolio, tym większe mamy szanse. 
Co istotne, nie każdy kierunek wymaga znajomości języka chińskiego. Możliwe jest studiowanie w języku angielskim, jednakże musimy w jakiś sposób udowodnić naszą znajomość angielskiego.
Jeśli chodzi o kursy językowe, to wymagania są dużo mniejsze niż w przypadku studiów wyższych, jednakże warto zaznaczyć, że posiadanie udokumentowanej znajomości języka chińskiego w postaci certyfikatu HSK może zwiększyć nasze szanse.
Jak aplikować na stypendium rządu chińskiego?
Dwa najpopularniejsze kanały, przez które możemy złożyć aplikację, to Ambasada Rządu Chińskiego w Polsce, a także chiński uniwersytet.
W pierwszym przypadku sprawa jest o tyle prostsza, że nie musimy się nawet kontaktować z uniwersytetem w Chinach. Jednakże, w ostatnich latach aplikowanie przez ambasadę stało się nieco bardziej skomplikowane. 
Studenci muszą odbyć coś na wzór rozmów kwalifikacyjnych, które będę kolejnym czynnikiem decydującym o otrzymaniu stypendium.
Kolejnym minusem ubiegania się o stypendium poprzez ambasadę jest dokładanie kolejnej instytucji, która musi zatwierdzić naszą aplikację. Mówiąc dość skrótowo, jeśli złożymy aplikację na stypendium w ambasadzie, to najpierw będzie musiała zostać zatwierdzona przez ambasadę w Polsce, następnie przez instytucję w Pekinie, potem przekazana do uniwersytetu, który również musi ją zatwierdzić, a potem znowu wraca ona do Pekinu, który podejmuje ostateczną decyzję.

Nie mówi się o tym głośno, ale biorąc pod uwagę statystyki, ambasada co roku ogłasza krótką listę około 50 osób, którym zostanie przyznane stypendium. Warto również dodać, że ambasada preferuje kierunki ekonomiczne lub technologiczne, a inaczej to ujmując, takie których absolwenci mogą wnieść coś do relacji pomiędzy Polską a Chinami.
Więcej na temat procesu aplikacyjnego można znaleźć tutaj i tutaj.
Składanie aplikacji bezpośrednio przez uniwersytet
Minusem tej opcji jest to, że wymaga ona od nas bezpośredniego kontaktu z uniwersytetem. Co w tym trudnego? Co mojego doświadczenia na około 50 wysłanych maili do różnych placówek, jedynie 2-3 z nich odpowiedziały na moją wiadomość.
Jednakże, jeśli uda nam się skontaktować z uniwersytetem, to już połowa sukcesu za nami. Warto zaznaczyć, że im gorszy uniwersytet, tym większe szanse na jego odpowiedź. Uniwersytety, szczególnie te mniejsze lub mniej znane walczą o zagranicznych studentów. Dlatego warto rozważyć aplikację również na uniwersytety znajdujące się niżej w rankingu, aby zwiększyć nasze szanse. Często mniejsze uniwersytety oferuję lepsze kursy języka chińskiego, a ich poziom nauczania nie różni się znacząco od tych z topu.
Niewątpliwym plusem bezpośredniego kontaktu z uniwersytetem, jest fakt, że zawężamy listę instytucji, które muszą przepchnąć naszą aplikację. W tym przypadku, gdy uniwersytet zgodzi się na naszą aplikację, to wysyła ona papiery do Pekinu, który podejmuje ostateczną decyzję.
Kolejnym plusem jest to, że uniwersytety często mogą pomóc nam w dodatkowej aplikacji na inne stypendia, np. stypendia prowincjonalne. Im więcej aplikacji złożymy, tym większe nasze szanse.
Lista chińskich uniwersytetów dostępna jest tutaj. 
Więcej wskazówek dotyczących aplikacji można dowiedzieć się bezpośrednio od uniwersytetu, ponieważ każdy z nich może mieć różne procesy. 
Stypendium Instytutu Konfucjusza
Kolejnym i ostatnim opisanym przeze mnie rodzajem stypendium jest stypendium Instytutu Konfucjusza.
Instytut Konfucjusza oferuje również stypendia na kursy językowe oraz studia do Chin. Jednakże, w przypadku Instytutu Konfucjusza, oferowane kierunki studiów ograniczają się do języka chińskiego, a konkretnie jego nauczania.
Instytut Konfucjusza oferuje:
3500 RMB + 700 RMB (lub miejsce w akademiku) + czesne dla studentów studiów doktoranckich3000 RMB + 700 RMB (lub miejsce w akademiku) + czesne dla studentów studiów magisterskich2500 RMB + 700 RMB (lub miejsce w akademiku) + czesne dla studentów studiów licencjackich2000-2500 RMB + 700 RMB (lub miejsce w akademiku) + czesne dla studentów kursu językowego
Aby aplikować o stypendium Instytutu Konfucjusza należy bezpośrednio skontaktować się z Instytutem Konfucjusza np. w Polsce. Warto zaznaczyć, że aby aplikować o stypendium Konfucjusza należy posiadać certyfikat językowe HSK na różnym poziomie w zależności od kierunku, na które aplikujemy.
Z mojego doświadczenia powiem, że o ile nie interesuję Cię zostaniem nauczyciela języka chińskiego, to raczej skup się na stypendium rządu chińskiego, ponieważ jest ono bezpieczniejszą opcją pod wieloma względami.
Instytut Konfucjusza stawia zazwyczaj większe wymagania co do swoich studentów, często stawiając przed uczniem celów, których jeśli nie spełnią, to będę mieć obcinane stypendium. Stypendium Rządu Chińskiego oferuje również dodatkowe bonusu, które są oferowane przez niektóre uniwersytety. Są tam często bezpłatne weekendowe wycieczki, czy też zorganizowany udział w konferencjach lub targach.
Jeśli interesuję Cię wyjazd na studia do Chin i potrzebujesz pomocy, to zachęcam do kontaktu. Chętnie podzielę się swoim doświadczeniem. Pomogę Ci również przygotować się do certyfikatu językowego HSK, który niewątpliwie pomoże Ci w aplikacji. Jest to kolejny powód, dla którego warto uczyć się języka chińskiego.
"
24,Jak wygląda życie studenta w Chinach?,23/04/2020,"Studia, Życie w Chinach","
Życie studenta a koronawirus
W dobie koronawirusa życie studenta w Chinach zmieniło się diametralnie. Co tu dużo mówić, studenci w większości siedzą w domach, a zajęcia i zaliczenia odbywają się online. Wykłady są zazwyczaj prowadzone na platformach ZOOM lub QQ. Nic nowego, nic ciekawego.
Obecnie duże utrudnienie w życiu chińskich studentów stanowią pozamykane kampusy, ponieważ wielu z nich zostawiło tam rzeczy, po które nie mogą wrócić. Co prawda, chińskie uczelnie wyższe powoli przygotowują się do otwarcia bram kampusów, jednakże mówi się o tym głośno, że uczniowie wrócą do sal lekcyjnych dopiero w przyszłym roku akademickim. 
Życie studenta przed koronawirusem
Życie studenckie w Chinach różni się diametralnie od życia studenckiego w Polsce. Myślę, że wiele osób zgodzi się ze mną, że studia w Chinach pod względem życia społecznego i kontaktów międzyludzkich jest bliższe naszemu liceum niż uniwersytetowi. 
Wielu moich kolegów i koleżanek ze studiów miało duże problemy z komunikacją interpersonalną. Być może wynikało to z braku pewności siebie lub po prostu brakiem doświadczenia w prostych sytuacjach społecznych, jednakże dotyczyło to bardzo licznej grupy osób. Brak umiejętności miękkich to nie tylko zmora chińskiego społeczeństwa, aczkolwiek to nie temat na ten artykuł.

Rozrywka
W związku z powyższym, moja integracja z chińskimi studentami ograniczała się do okazjonalnych wyjść do restauracji, czy też przypadkowo napotkanych studentów w chińskich klubach i barach.
Chińczycy raczej rzadko wychodzą do klubów, pubów i barów, aby po prostu napić się piwa lub potańczyć. Studenci ograniczają raczej swoje rozrywki do jedzenia plus innych towarzyszących temu aktywności. Jedzenie to religia w Chinach, a słynny hot pot (gorący garnek), to must have wyjścia ze znajomymi.
Poza jedzeniem ulubioną rozrywką chińskich studentów jest KTV, czyli karaoke. KTV jest niesamowicie rozwinięte w Chinach. Lokale oferujące karaoke przypominają raczej 5 gwiazdkowe hotele, w których wynajmuje się prywatne pokoje. 
Chińczycy uwielbiają śpiewać, dlatego KTV to nie tylko rozrywka, ale swojego rodzaju pokaz umiejętności wokalnych, które są bardzo wysoko cenione w kulturze Chin. Poza śpiewaniem w KTV pije się alkohol. Dużo alkoholu. Chińczycy zazwyczaj wybierają piwo lub okazjonalnie baijiu (chińska wódka, która pachnie jak rozpałka do grilla). 
Pomimo swojej drobnej postury, Chińczycy potrafią pić, a w szczególności Ci z Mongolii Wewnętrznej, o czym opowiem w innym poście.
Życie codzienne
Zaczęliśmy od rozrywki, ale jak wygląda życie codzienne studentów? To zależy od tego na jakim uniwersytecie i co studiują. Studenci najlepszych uniwersytetów mają zazwyczaj trochę więcej pracy, aczkolwiek jest to w dużym stopniu uwarunkowane kierunkiem studiów.
Mocno generalizując studenci kierunków ekonomicznych mają sielankę, a filolodzy muszą się nieźle napocić. Nie ma co ukrywać, że zagraniczni studenci mają łatwiej, aczkolwiek chińscy studenci trudno nie mają.
Większość chińskich studentów żyje w położonych na kampusie akademikach. W zależności od kampusu i stopnia studiów mogą mieszkać pojedynczo, a czasem nawet po kilka osób w jednym pokoju.  
Często zdarza się, że prysznice znajdują się w innym budynku, a ciepła woda dostępna jest jedynie do godziny 22. Podobnie ma się z prądem, który czasem jest ograniczany w późnych godzinach, jednakże słyszałem tylko kilka takich przypadków.
Poza nauką, studenci uwielbiają oglądać seriale i filmy, a także grać w gry. Niewielka część z nich regularnie uprawia sport. Natomiast bardzo duży odsetek studentów jest zaangażowany w różne kółka zainteresowań oraz wolontariaty.
Wynika to głównie z tego, że aktywność w życiu studenckim jest bardzo istotnym elementem CV. Dlatego też tak wielu z nich pomaga wykładowcom i angażuje się we wszystko, co tylko możliwe.

Gdzie stołują się studenci
Skoro Chińczycy mieszkają w akademikach położonych na terenie kampusu, to co jeszcze ukrywa się na terenie kampusu? Czasem nawet dziesiątki stołówek. Stołówki to nieodłączna część chińskiego studenckiego życia. 
Zacznijmy od tego, że jest wiele rodzajów stołówek, które oferują różnego rodzaju kuchnie. Niemalże każdy kampus uzbrojony jest w stołówkę halal z niesamowitą kuchnią. Poza tym można znaleźć stołówki śniadaniowe lub takie, w które otwierają się tylko w nocy i serwują street food. 
Stołówki są zazwyczaj bardzo tanie. Danie składające się z ryżu, warzyw i mięsa można już dostać za niecałe 4zł. 
Zakupy
Ostatnie, jednakże jak bardzo ważne, to zakupy. Dlaczego właśnie zakupy? Ponieważ są one bardzo dużą częścią życia chińskich studentów. 
Jednakże w olbrzymiej większości ograniczają się do zakupów internetowych. Chińczycy przeglądają TaoBao (chińskie allegro), tak jak my przeglądamy Facebooka. Cykliczne promocje przyciągają miliony studentów, którzy często wydają większość oszczędności, po to aby kupić wymarzoną rzecz.
Trzeba oddać, że TaoBao jest niesamowite. Interfejs jest tak czytelny i prosty, że zakupu przedmiotu można dokonać w niecałe 3 sekundy. Co więcej, do większości przedmiotów oferowana jest darmowa wysyłka, dzięki czemu możemy kupić ołówek za 10 groszy, który przyleci do nas z oddalonego o 2,000 km zakątka Chin.
Podsumowując, w powyższym artykule krótko przedstawiłem podstawowe elementy życia studenckiego w Chinach. Różnice kulturowe są na tyle duże, że o każdym z tych elementów można by napisać obszerną książkę, jednakże takiej analizy podejmę się innym razem.
"
25,"Kuchnia chińska, przepis na kurczaka kung pao",22/04/2020,Kuchnia,"
宫保鸡丁, jak kto woli kurczak kung pao lub gong bao, to tradycyjna potrawa kuchni chińskiej, a dokładniej syczuańskiej.
Kuchnia syczuańska jest uważana przez wielu chińczyków za kwintesencję kuchni chińskiej. Spowodowane jest to nie tylko ostrym aromatem, ale również niepowtarzalnym smakiem, który często podkreśla syczuański pieprz. Kuchnia syczuańska może przede wszystkim kojarzyć się ze słynnym hot potem (gorącym garnkiem), ale składa się na nią wiele innych cudownych dań.
Kurczak kung pao
Kurczak kung pao jest jedną z najbardziej charakterystycznych potraw kuchni chińskiej. Potrawa uwielbiana w szczególności przez obcokrajowców. Połączenie orzeszków, kurczaka i warzyw, a wszystko doprawione klasycznym chińskim zestawem przypraw sprawia, że ciężko nie polubić tego dania.
Zwiedzając wiele zakątków Chin próbowałem kurczaka kung pao w wielu restauracjach. Smak kurczaka kung pao różnił się w zależności od regionu i lokalnego smaku. Jednakże z duża dawką pewności stwierdzam, że syczuański kurczak kung pao wygrywa wszystko. 
Przepis na kurczaka kung pao
W niemalże każdej prowincji, każdym mieście, każdej restauracji kurczak kung pao przyrządzany jest w inny sposób. Podany przeze mnie przepis jest najbardziej zbliżony do tradycyjnego przepisu używanego w syczuanie. 
To właśnie w Chengdu zakochałem się w kurczaku kung pao na nowo, dlatego subiektywnie wybrałam przepis pochodzący z miasta pand.
Kurczak kung pao – składniki
Do przygotowania kurczaka kung pao dla dwóch osób należy przygotować:
Główne składniki:
5g świeżego czosnku 
300g piersi z kurczaka
50g orzeszków ziemnych
Składniki do dressingu i przyprawy:
5g sosu sojowego
10g wina do gotowania
szczypta soli
Łyżeczka cukru (w zależności jak słodkie lubimy potrawy)
15g mąki kukurydzianej
25g suszonych papryczek chili (w zależności jaką ostrość chcemy uzyskać)
5g świeżego imbiru
15g octu
15g pora (lub cebula dymka)

Sposób przygotowania kurczaka kung pao.
Należy drobno pokroić pora w około 1cm kawałki. Następnie drobno posiekaj ząbki czosnku, a imbir pokrój w cieniutkie plasterki. Następnie pokrój kurczaka w drobne kostki.
Przyprawa kurczaka odrobiną soli.
W osobnej miseczce przygotuj dressing. Wymieszaj sos sojowy, ocet, cukier, mąkę ziemniaczaną, a następnie wszystko zamieszaj.
Rozgrzej na patelni olej, a następnie dodaj kurczaka, imbir i czosnek. 
Smaż kilka minut, a następnie dodaj por, przygotowany dressing oraz suszone papryczki chili.
Pod koniec smażenia dodaj orzeszki i smaż przez około minutę. 
Jak to w chińskiej kuchni bywa, danie najlepiej smakuje z ryżem i gorącą wodą!
"
26,Gramatyka języka chińskiego – partykuła le 了,21/04/2020,Język chiński,"
Objaśnienie użycia partykuły le 了
Partykuła le to jeden z nielicznych elementów gramatyki języka chińskiego, który może sprawić problem. Niewątpliwie, partykułą le zniechęciła wiele osób, jednakże nie jest ona taka straszna jak ją malują. Na le chiński się ani nie zaczyna, ani nie kończy, więc warto kontynuować naukę języka chińskiego, pomimo napotkanych trduności.
 Z tego powodu postanowiłem uporządkować powszechne użycia partykuły le. Artykuł oparty jest na wielu porównawczych przykładach, dzięki czemu łatwo jest wyłapać różnice znaczeniową. 
Artykuł zakłada, że czytelnik jest świadom istnienia partykuły le, oraz że posiada podstawową wiedzę na temat jej użycia. Poniższe objaśnienie skupione jest na praktycznym użyciu partykuły le, a nie na przedstawianiu jej definicji.
Użycie partykuły le często jest ściśle powiązane z kontekstem, co jest częstym zjawiskiem w języku chińskim. Jednakże są pewne zasady użycia le, które zostały omówione poniżej.
A więc jak poprawnie używać partykuły le w języku chińskim? Poniżej przedstawiam użycie partykuły w le w różnych kontekstach, w przeciwieństwie do podręczników skupiłem się jedynie na praktycznych przykładach. 
V + 了 + （O）- ukończenie czynności – partykuła le
a)
 王老师去北京 – 将来 （没有去）- Wang Laoshi jedzie do Pekinu. 
Zdanie, to odnosi si do przyszłości, czynność ta jeszcze się nie wydarzyła.
王老师去了北京 – （已经发生了）- Wang Laoshi pojechał do Pekinu. 
Czynność ta już się wydarzyła, a więc w tym przypadku 了 oznacza ukończenie czynności ( 完成).
b)
下了班，我去找你 – Zaraz po pracy pójdę ci poszukać
Zdanie to odnosi się do przyszłości, ponieważ jeśli w jednym zdaniu mamy dwa czasowniki, a po pierwszym z nich występuje 了, to mówimy o czasie przyszłym.
下了班（第一个动作）， 我去找你（第二个动作）。
Po ukończeniu pierwszej czynności zrobimy drugą czynność (完成).
Przeszłość a pominięcie partykuły le
a) 
Mówiąc o przeszłości możemy pominąć 了 jeśli w zdaniu użyjemy jakiegoś „określnika czasu” np. 每次，天天，经常，一直，每天 itp.
*wyjątek stanowi gramatyka zdania 下了班我去找你, które przeanalizowaliśmy powyżej.
b) 
Przy wymienianiu następujących po sobie czynności możemy ograniczyć użycie 了 jedynie do ostatniego czasownika. Jeśli użyjemy le po każdym czasowniku, to będzie ono miało charakter emfatyczny. 
大卫起床，吃饭，洗澡，冲了出去 – Dawid wstał, zjadł, wykąpał się i wyszedł.
c) 
Jeśli opisujemy normalne czynności nie kładąc przy tym emfazy na czasownik, to nie musimy używać partykuły le.
马克跑100 米，雅各跑 1000 米，大卫跳远 – Marek przebiegł 100 metrów, Kuba 1000 metrów, a Dawid skakał w dal.
Użycie 了 w tym zdaniu nie byłoby błędem. Nie zmieniłoby znaczenia zdania, jedynie pełniloby funkcję emfatyczną.
d) 
Umiejscowienie 了 a znaczenie zdania / podkreślenie czasownika
马克去了书店买词典，这会儿不在家 – Marek poszedł do księgarni kupić słownik, w tej chwili nie ma go w domu.
W tym zdaniu 了 podkreśla fakt, że Marka nie ma w domu. Wyszedł i to jest najważniejsze. Nie ma znaczenie dlaczego wyszedł, najważniejszy jest fakt, że go obecnie nie ma w domu.
马克去书店买了一本词典 – Marek poszedł do księgarni kupić słownik. 
W tym zdaniu 了 podkreśla fakt, że Marek poszedł kupić słownik. W związku z tym, fakt, że poszedł w celu kupienia słownika jest w tym zdaniu najważniejszy.
Podobne zdania z partykułą le.
他进了银行取钱 – On poszedł do banku, aby wypłacić pieniądze (emfaza na wszedł).
他进银行取了钱 – On poszedł do banku, aby wypłacić pieniądze (emfaza na wypłacanie pieniędzy)
Partykuła le a zmiana （变化）
这个暑假，他不回国 – W te wakacje on nie wraca do kraju. (wcześniej to zaplanował)
这个暑假，他不回国了 – W te wakacje on nie wraca do kraju (wcześniej planował, ale jednak nie wraca) 
他爱喝咖啡了 – On polubił picie kawy (teraz lubi pić kawę, ale wcześniej nie lubił – 出生新的情况).
刚不下了一场雨 – Padał deszcz. 
下雨了 – Rozpadało się.
我得了第1 名！- Zdobyłem pierwsze miejsce. 
我得了第1 名了！- Zdobyłem pierwsze miejsce (wyjątkowo, wcześniej się to nie zdarzało).
他跑了三圈 – On przebiegł 3 kółka. 
他跑了三卷了 – On przebiegł 3 kółka (wcześniej nie dawał rady, albo jego celem były tylko 2 kółka itp.).
他不当演员了 – On już nie jest aktorem.
Wcześniej był aktorem, ale teraz już nie jest. Może nie był aktorem z różnych powodów, to nie jest ważne. W związku z tym istotny jest fakt, że wcześniej był aktorem, a teraz już nim nie jest.
他愿意独唱了 – On chce śpiewać solo. 
Teraz chce śpiewać solo, a wcześniej nie chciał. W związku z tym, tak jak powyżej, liczy się to, że zmienił zdanie.
肯定一个事实的语气 （强调）- emfatyczne użycie partykuły le 
Konstrukcja  就。。。了 jako emfaza.
他早就结婚了 – On się wcześnie ożenił.
我念小学就认识你了 – Poznałem go będąc w podstawówce.
感叹语气 – eksklamacja a partykuła le
这里的东西太贵了 – Rzeczy tutaj są bardzo drogie.
 这场球赛太精彩了 – Ten mecz jest niesamowity.
Różnica pomiędzy 过 i 了
过 – 已经结束了- czynność już się zakończyła.
听说他结了婚 – Słyszałem, że on się ożenił.
听说他结过婚 – Słyszałem, że on był żonaty (już nie jest).
他十年前去了美国 – Dziesięć lat temu pojechał do Ameryki (nie wiemy gdzie teraz jest). 
他十年前去过美国 – Dziesięć lat temu pojechał do Ameryki (na pewno nie jest już w Ameryce).
我认识了很多朋友 – Mam wielu przyjaciół (dosłownie poznałem wielu przyjaciół).
我认识过很多朋友 – To zdanie jest niepoprawne!
Ćwiczenia  – partykuła le
A na koniec dołączam trzy proste ćwiczenia, które pomogą utrwalić wiedzę. Uwaga, odpowiedzi do ćwiczeń znajdują się poniżej. Jednakże, zalecam najpierw spróbować wykonać ćwiczenia samodzielnie.
Ćwiczenia z partykułą le:
1. Wskaż poprawne zdanie/zdania.
A. 我是头一次到广州，我觉得广州的冬天不太冷。 
B. 我是头一次到广州，我觉得广州的冬天不太冷了。
2. Wskaż poprawny dialog..
A.
小王：你怎么不去参加比赛？  
小李：昨晚受了凉，今天头疼得厉害，只好不去。 
B.
小王：你怎么不去参加比赛？  
小李：昨晚受了凉，今天头疼得厉害，只好不去了。
3. Wskaż poprawne zdanie/zdania.
昨天他家来很多客人。 
昨天他家来了很多客人。

Odpowiedzi do ćwiczeń
1.
Odpowiedź A, ponieważ , pierwszy raz pojechałem do Guangzhou, więc nie miałem żadnego porównania jak tam było wcześniej, nie nastąpiła żadna zmiana żeby można było użyć partykuły le. 
2.
Odpowiedź B, ponieważ, początkowo Xiaoli chciał wziąć udział w zawodach, niestety ze względów zdrowotnych nie może wziąć udziału (nastąpiłą zmiana)
3. 
Oba zdania są poprawne, w drugim zdaniu 了 oznacza 完成 i pełni funkcję emfatyczną.
"
